Season,Team,W,L,OD_Salary,Current,AVG Salary,Median,Success_Score,LeagueID,DivisionID,Rank,Division_Win,Wildcard_Win,League_Win,WorldSeries_Win,Name
1988,ATL,54,106,9967167.0,9967167.0,383353,140000,33.75,NL,W,6,N,,N,N,Atlanta Braves
1988,BAL,54,107,9995404.0,9995404.0,416475,162500,33.54,AL,E,7,N,,N,N,Baltimore Orioles
1988,BOS,89,73,15544592.0,15544592.0,597869,405000,54.94,AL,E,1,Y,,N,N,Boston Red Sox
1988,CHC,77,85,12339833.0,12339833.0,457031,207500,47.53,NL,E,4,N,,N,N,Chicago Cubs
1988,CHW,71,90,5906952.0,5906952.0,218776,142000,44.1,AL,W,5,N,,N,N,Chicago White Sox
1988,CIN,87,74,8368833.0,8368833.0,298887,163750,54.04,NL,W,2,N,,N,N,Cincinnati Reds
1988,CLE,78,84,7819500.0,7819500.0,300750,135000,48.15,AL,E,6,N,,N,N,Cleveland Indians
1988,DET,88,74,15597071.0,15597071.0,599887,400000,54.32,AL,E,2,N,,N,N,Detroit Tigers
1988,HOU,82,80,13454667.0,13454667.0,538187,500000,50.62,NL,W,5,N,,N,N,Houston Astros
1988,KCR,84,77,11558873.0,11558873.0,481620,200000,52.17,AL,W,3,N,,N,N,Kansas City Royals
1988,LAA,75,87,10932388.0,10932388.0,420476,231000,46.3,AL,W,4,N,,N,N,California Angels
1988,LAD,94,67,15462515.0,15462515.0,572686,400000,58.39,NL,W,1,Y,,Y,Y,Los Angeles Dodgers
1988,MIL,87,75,10214000.0,10214000.0,378296,175000,53.7,AL,E,3,N,,N,N,Milwaukee Brewers
1988,MIN,91,71,12154800.0,12154800.0,434100,233750,56.17,AL,W,2,N,,N,N,Minnesota Twins
1988,NYM,100,60,15502714.0,15502714.0,596258,443750,62.5,NL,E,1,Y,,N,N,New York Mets
1988,NYY,85,76,18909152.0,18909152.0,700339,480000,52.8,AL,E,5,N,,N,N,New York Yankees
1988,OAK,104,58,11380183.0,11380183.0,406435,377500,64.2,AL,W,1,Y,,Y,N,Oakland Athletics
1988,PHI,65,96,12935500.0,12935500.0,497519,280000,40.37,NL,E,6,N,,N,N,Philadelphia Phillies
1988,PIT,85,75,7627500.0,7627500.0,305100,245000,53.12,NL,E,2,N,,N,N,Pittsburgh Pirates
1988,SDP,83,78,9878168.0,9878168.0,411590,260000,51.55,NL,W,3,N,,N,N,San Diego Padres
1988,SEA,68,93,6545950.0,6545950.0,242443,130000,42.24,AL,W,7,N,,N,N,Seattle Mariners
1988,SFG,83,79,12188000.0,12188000.0,406267,360000,51.23,NL,W,4,N,,N,N,San Francisco Giants
1988,STL,76,86,14000000.0,14000000.0,518519,240000,46.91,NL,E,5,N,,N,N,St. Louis Cardinals
1988,TEX,70,91,6008000.0,6008000.0,214571,160000,43.48,AL,W,6,N,,N,N,Texas Rangers
1988,TOR,87,75,11673725.0,11673725.0,466949,230000,53.7,AL,E,3,N,,N,N,Toronto Blue Jays
1988,WSN,81,81,8852333.0,8852333.0,340474,180500,50.0,NL,E,3,N,,N,N,Montreal Expos
1989,ATL,63,97,9551334.0,9551334.0,367359,163000,39.38,NL,W,6,N,,N,N,Atlanta Braves
1989,BAL,87,75,8176666.0,8176666.0,272556,94500,53.7,AL,E,2,N,,N,N,Baltimore Orioles
1989,BOS,83,79,18553385.0,18553385.0,639772,400000,51.23,AL,E,3,N,,N,N,Boston Red Sox
1989,CHC,93,69,10165500.0,10165500.0,376500,130000,57.41,NL,E,1,Y,,N,N,Chicago Cubs
1989,CHW,69,92,7595561.0,7595561.0,292137,156250,42.86,AL,W,7,N,,N,N,Chicago White Sox
1989,CIN,75,87,11087000.0,11087000.0,410630,292500,46.3,NL,W,5,N,,N,N,Cincinnati Reds
1989,CLE,73,89,8928500.0,8928500.0,357140,235000,45.06,AL,E,6,N,,N,N,Cleveland Indians
1989,DET,59,103,15099596.0,15099596.0,580754,427500,36.42,AL,E,7,N,,N,N,Detroit Tigers
1989,HOU,86,76,16011000.0,16011000.0,552103,470000,53.09,NL,W,3,N,,N,N,Houston Astros
1989,KCR,92,70,15427162.0,15427162.0,571376,400000,56.79,AL,W,2,N,,N,N,Kansas City Royals
1989,LAA,91,71,14713833.0,14713833.0,525494,386250,56.17,AL,W,3,N,,N,N,California Angels
1989,LAD,77,83,21584161.0,21584161.0,674505,435000,48.12,NL,W,4,N,,N,N,Los Angeles Dodgers
1989,MIL,81,81,10373000.0,10373000.0,357690,165000,50.0,AL,E,4,N,,N,N,Milwaukee Brewers
1989,MIN,80,82,15540500.0,15540500.0,597712,316250,49.38,AL,W,5,N,,N,N,Minnesota Twins
1989,NYM,87,75,20013212.0,20013212.0,769739,500000,53.7,NL,E,2,N,,N,N,New York Mets
1989,NYY,74,87,20562985.0,20562985.0,663322,500000,45.96,AL,E,5,N,,N,N,New York Yankees
1989,OAK,99,63,14602999.0,14602999.0,503552,375000,61.11,AL,W,1,Y,,Y,Y,Oakland Athletics
1989,PHI,67,95,9640000.0,9640000.0,401667,227500,41.36,NL,E,6,N,,N,N,Philadelphia Phillies
1989,PIT,74,88,11993500.0,11993500.0,461288,380000,45.68,NL,E,5,N,,N,N,Pittsburgh Pirates
1989,SDP,89,73,13094000.0,13094000.0,523760,370000,54.94,NL,W,2,N,,N,N,San Diego Padres
1989,SEA,73,89,9547500.0,9547500.0,329224,155000,45.06,AL,W,6,N,,N,N,Seattle Mariners
1989,SFG,92,70,14094000.0,14094000.0,563760,535000,56.79,NL,W,1,Y,,Y,N,San Francisco Giants
1989,STL,86,76,15555333.0,15555333.0,555548,453750,53.09,NL,E,3,N,,N,N,St. Louis Cardinals
1989,TEX,83,79,10689500.0,10689500.0,395907,275000,51.23,AL,W,4,N,,N,N,Texas Rangers
1989,TOR,89,73,16009666.0,16009666.0,615756,433500,54.94,AL,E,1,Y,,N,N,Toronto Blue Jays
1989,WSN,81,81,12305389.0,12305389.0,455755,320000,50.0,NL,E,4,N,,N,N,Montreal Expos
1990,ATL,65,97,13328334.0,13328334.0,370232,125000,40.12,NL,W,6,N,,N,N,Atlanta Braves
1990,BAL,76,85,10037084.0,10037084.0,257361,155000,47.2,AL,E,5,N,,N,N,Baltimore Orioles
1990,BOS,88,74,20983333.0,20983333.0,582870,282500,54.32,AL,E,1,Y,,N,N,Boston Red Sox
1990,CHC,77,85,14496000.0,14496000.0,426353,190000,47.53,NL,E,4,N,,N,N,Chicago Cubs
1990,CHW,94,68,9496238.0,9496238.0,287765,100000,58.02,AL,W,2,N,,N,N,Chicago White Sox
1990,CIN,91,71,14769500.0,14769500.0,399176,175000,56.17,NL,W,1,Y,,Y,Y,Cincinnati Reds
1990,CLE,77,85,15152000.0,15152000.0,388513,170000,47.53,AL,E,4,N,,N,N,Cleveland Indians
1990,DET,79,83,18092238.0,18092238.0,476112,155000,48.77,AL,E,3,N,,N,N,Detroit Tigers
1990,HOU,75,87,18830000.0,18830000.0,523056,240000,46.3,NL,W,4,N,,N,N,Houston Astros
1990,KCR,75,86,23873745.0,23873745.0,596844,300000,46.58,AL,W,6,N,,N,N,Kansas City Royals
1990,LAA,80,82,21870000.0,21870000.0,591081,410000,49.38,AL,W,4,N,,N,N,California Angels
1990,LAD,86,76,21618704.0,21618704.0,568913,321250,53.09,NL,W,2,N,,N,N,Los Angeles Dodgers
1990,MIL,74,88,20019167.0,20019167.0,500479,162500,45.68,AL,E,6,N,,N,N,Milwaukee Brewers
1990,MIN,74,88,15106000.0,15106000.0,368439,115000,45.68,AL,W,7,N,,N,N,Minnesota Twins
1990,NYM,91,71,22418834.0,22418834.0,574842,155000,56.17,NL,E,2,N,,N,N,New York Mets
1990,NYY,67,95,20991318.0,20991318.0,617392,437500,41.36,AL,E,7,N,,N,N,New York Yankees
1990,OAK,103,59,19987501.0,19987501.0,555208,272500,63.58,AL,W,1,Y,,Y,N,Oakland Athletics
1990,PHI,77,85,13953667.0,13953667.0,377126,150000,47.53,NL,E,4,N,,N,N,Philadelphia Phillies
1990,PIT,95,67,15656000.0,15656000.0,423135,350000,58.64,NL,E,1,Y,,N,N,Pittsburgh Pirates
1990,SDP,75,87,18588334.0,18588334.0,502387,195000,46.3,NL,W,4,N,,N,N,San Diego Padres
1990,SEA,77,85,12841667.0,12841667.0,347072,160000,47.53,AL,W,5,N,,N,N,Seattle Mariners
1990,SFG,85,77,20942333.0,20942333.0,523558,177500,52.47,NL,W,3,N,,N,N,San Francisco Giants
1990,STL,70,92,20923334.0,20923334.0,536496,125000,43.21,NL,E,6,N,,N,N,St. Louis Cardinals
1990,TEX,83,79,15104372.0,15104372.0,387292,140000,51.23,AL,W,3,N,,N,N,Texas Rangers
1990,TOR,86,76,18486834.0,18486834.0,474021,180000,53.09,AL,E,2,N,,N,N,Toronto Blue Jays
1990,WSN,85,77,16656388.0,16656388.0,489894,296250,52.47,NL,E,3,N,,N,N,Montreal Expos
1991,ATL,94,68,20423500.0,20423500.0,704259,400000,58.02,NL,W,1,Y,,Y,N,Atlanta Braves
1991,BAL,67,95,14627334.0,14627334.0,541753,250000,41.36,AL,E,6,N,,N,N,Baltimore Orioles
1991,BOS,84,78,32767500.0,32767500.0,1260288,775000,51.85,AL,E,2,N,,N,N,Boston Red Sox
1991,CHC,77,83,26923120.0,26923120.0,1035505,562500,48.12,NL,E,4,N,,N,N,Chicago Cubs
1991,CHW,87,75,16830437.0,16830437.0,561015,155000,53.7,AL,W,2,N,,N,N,Chicago White Sox
1991,CIN,74,88,25369166.0,25369166.0,939599,600000,45.68,NL,W,5,N,,N,N,Cincinnati Reds
1991,CLE,57,105,18270000.0,18270000.0,676667,345000,35.19,AL,E,7,N,,N,N,Cleveland Indians
1991,DET,84,78,23736334.0,23736334.0,912936,612500,51.85,AL,E,2,N,,N,N,Detroit Tigers
1991,HOU,65,97,11546000.0,11546000.0,427630,190000,40.12,NL,W,6,N,,N,N,Houston Astros
1991,KCR,82,80,28722662.0,28722662.0,1104718,600000,50.62,AL,W,6,N,,N,N,Kansas City Royals
1991,LAA,81,81,31782501.0,31782501.0,1095948,652500,50.0,AL,W,7,N,,N,N,California Angels
1991,LAD,93,69,33216664.0,33216664.0,1038021,650000,57.41,NL,W,2,N,,N,N,Los Angeles Dodgers
1991,MIL,83,79,24398000.0,24398000.0,903630,500000,51.23,AL,E,4,N,,N,N,Milwaukee Brewers
1991,MIN,95,67,22431000.0,22431000.0,897240,600000,58.64,AL,W,1,Y,,Y,Y,Minnesota Twins
1991,NYM,77,84,32590002.0,32590002.0,1253462,875000,47.83,NL,E,5,N,,N,N,New York Mets
1991,NYY,71,91,27815835.0,27815835.0,1030216,887500,43.83,AL,E,5,N,,N,N,New York Yankees
1991,OAK,84,78,33632500.0,33632500.0,1293558,900000,51.85,AL,W,4,N,,N,N,Oakland Athletics
1991,PHI,78,84,20298332.0,20298332.0,699942,250000,48.15,NL,E,3,N,,N,N,Philadelphia Phillies
1991,PIT,98,64,23064667.0,23064667.0,922587,766667,60.49,NL,E,1,Y,,N,N,Pittsburgh Pirates
1991,SDP,84,78,22585001.0,22585001.0,778793,260000,51.85,NL,W,3,N,,N,N,San Diego Padres
1991,SEA,83,79,16126834.0,16126834.0,575958,445000,51.23,AL,W,5,N,,N,N,Seattle Mariners
1991,SFG,75,87,30839333.0,30839333.0,1142198,600000,46.3,NL,W,4,N,,N,N,San Francisco Giants
1991,STL,84,78,21435001.0,21435001.0,793889,310000,51.85,NL,E,2,N,,N,N,St. Louis Cardinals
1991,TEX,85,77,22224500.0,22224500.0,740817,283750,52.47,AL,W,3,N,,N,N,Texas Rangers
1991,TOR,91,71,27538751.0,27538751.0,888347,700000,56.17,AL,E,1,Y,,N,N,Toronto Blue Jays
1991,WSN,71,90,20813500.0,20813500.0,671403,185000,44.1,NL,E,6,N,,N,N,Montreal Expos
1992,ATL,98,64,32975333.0,32975333.0,1063720,600000,60.49,NL,W,1,Y,,Y,N,Atlanta Braves
1992,BAL,89,73,20997667.0,20997667.0,699922,367500,54.94,AL,E,3,N,,N,N,Baltimore Orioles
1992,BOS,73,89,42203584.0,42203584.0,1563096,1400000,45.06,AL,E,7,N,,N,N,Boston Red Sox
1992,CHC,78,84,29060833.0,29060833.0,1076327,300000,48.15,NL,E,4,N,,N,N,Chicago Cubs
1992,CHW,86,76,28413500.0,28413500.0,1052352,339000,53.09,AL,W,3,N,,N,N,Chicago White Sox
1992,CIN,90,72,35203999.0,35203999.0,1257286,875000,55.56,NL,W,2,N,,N,N,Cincinnati Reds
1992,CLE,76,86,8236166.0,8237166.0,257411,172500,46.91,AL,E,4,N,,N,N,Cleveland Indians
1992,DET,75,87,28773834.0,28773834.0,992201,300000,46.3,AL,E,6,N,,N,N,Detroit Tigers
1992,HOU,81,81,13352000.0,13352000.0,460414,310000,50.0,NL,W,4,N,,N,N,Houston Astros
1992,KCR,72,90,33643834.0,33643834.0,1201566,612500,44.44,AL,W,5,N,,N,N,Kansas City Royals
1992,LAA,72,90,33529854.0,33529854.0,1156202,600000,44.44,AL,W,5,N,,N,N,California Angels
1992,LAD,63,99,43788166.0,43788166.0,1509937,1175000,38.89,NL,W,6,N,,N,N,Los Angeles Dodgers
1992,MIL,92,70,30253668.0,30253668.0,1163603,637500,56.79,AL,E,2,N,,N,N,Milwaukee Brewers
1992,MIN,90,72,27432834.0,27432834.0,979744,412500,55.56,AL,W,2,N,,N,N,Minnesota Twins
1992,NYM,72,90,44352002.0,44352002.0,1705846,840000,44.44,NL,E,5,N,,N,N,New York Mets
1992,NYY,76,86,35966834.0,35966834.0,1160220,500000,46.91,AL,E,4,N,,N,N,New York Yankees
1992,OAK,96,66,39957834.0,39957834.0,1331928,680000,59.26,AL,W,1,Y,,N,N,Oakland Athletics
1992,PHI,70,92,23804834.0,23804834.0,850173,257500,43.21,NL,E,6,N,,N,N,Philadelphia Phillies
1992,PIT,96,66,32589167.0,32589167.0,1163899,398750,59.26,NL,E,1,Y,,N,N,Pittsburgh Pirates
1992,SDP,82,80,27584167.0,27584167.0,919472,462500,50.62,NL,W,3,N,,N,N,San Diego Padres
1992,SEA,64,98,22483834.0,22483834.0,749461,317500,39.51,AL,W,7,N,,N,N,Seattle Mariners
1992,SFG,72,90,33126168.0,33126168.0,1183077,550000,44.44,NL,W,5,N,,N,N,San Francisco Giants
1992,STL,83,79,26889836.0,26889836.0,896328,350000,51.23,NL,E,3,N,,N,N,St. Louis Cardinals
1992,TEX,77,85,29740667.0,29740667.0,959376,225000,47.53,AL,W,4,N,,N,N,Texas Rangers
1992,TOR,96,66,43663666.0,43663666.0,1364490,925000,59.26,AL,E,1,Y,,Y,Y,Toronto Blue Jays
1992,WSN,87,75,15869667.0,15869667.0,547230,200000,53.7,NL,E,2,N,,N,N,Montreal Expos
1993,ATL,104,58,38131000.0,38131000.0,1361821,887500,64.2,NL,W,1,Y,,N,N,Atlanta Braves
1993,BAL,85,77,26914000.0,26914000.0,1035154,350000,52.47,AL,E,3,N,,N,N,Baltimore Orioles
1993,BOS,80,82,37108583.0,37108583.0,1374392,700000,49.38,AL,E,5,N,,N,N,Boston Red Sox
1993,CHC,84,78,38303166.0,38303166.0,1320799,312500,51.85,NL,E,4,N,,N,N,Chicago Cubs
1993,CHW,94,68,34598166.0,34598166.0,1281414,900000,58.02,AL,W,1,Y,,N,N,Chicago White Sox
1993,CIN,73,89,42851167.0,42851167.0,1587080,700000,45.06,NL,W,5,N,,N,N,Cincinnati Reds
1993,CLE,76,86,15717667.0,15717667.0,541989,400000,46.91,AL,E,6,N,,N,N,Cleveland Indians
1993,COL,67,95,8829000.0,8829000.0,327000,200000,41.36,NL,W,6,N,,N,N,Colorado Rockies
1993,DET,85,77,36548166.0,36548166.0,1353636,500000,52.47,AL,E,3,N,,N,N,Detroit Tigers
1993,HOU,85,77,28854500.0,28854500.0,1109788,450000,52.47,NL,W,3,N,,N,N,Houston Astros
1993,KCR,84,78,40102666.0,40102666.0,1485284,1000000,51.85,AL,W,3,N,,N,N,Kansas City Royals
1993,LAA,71,91,27230334.0,27230334.0,972512,263750,43.83,AL,W,5,N,,N,N,California Angels
1993,LAD,81,81,37833000.0,37833000.0,1146455,500000,50.0,NL,W,4,N,,N,N,Los Angeles Dodgers
1993,MIA,64,98,18196545.0,18196545.0,649877,195000,39.51,NL,E,6,N,,N,N,Florida Marlins
1993,MIL,69,93,22948834.0,22948834.0,764961,223750,42.59,AL,E,7,N,,N,N,Milwaukee Brewers
1993,MIN,71,91,27284933.0,27284933.0,1010553,500000,43.83,AL,W,5,N,,N,N,Minnesota Twins
1993,NYM,59,103,38350167.0,38350167.0,1534007,650000,36.42,NL,E,7,N,,N,N,New York Mets
1993,NYY,88,74,41305000.0,41305000.0,1424310,600000,54.32,AL,E,2,N,,N,N,New York Yankees
1993,OAK,68,94,35565834.0,35565834.0,1270208,575000,41.98,AL,W,7,N,,N,N,Oakland Athletics
1993,PHI,97,65,26812334.0,26812334.0,1031244,600000,59.88,NL,E,1,Y,,Y,N,Philadelphia Phillies
1993,PIT,75,87,23565667.0,23565667.0,872802,360000,46.3,NL,E,5,N,,N,N,Pittsburgh Pirates
1993,SDP,61,101,24557333.0,24557333.0,877048,160000,37.65,NL,W,7,N,,N,N,San Diego Padres
1993,SEA,82,80,31616333.0,31616333.0,1053878,455000,50.62,AL,W,4,N,,N,N,Seattle Mariners
1993,SFG,103,59,34567500.0,34567500.0,1115081,325000,63.58,NL,W,2,N,,N,N,San Francisco Giants
1993,STL,87,75,22615334.0,22615334.0,869821,320000,53.7,NL,E,3,N,,N,N,St. Louis Cardinals
1993,TEX,86,76,35641959.0,35641959.0,1048293,287500,53.09,AL,W,2,N,,N,N,Texas Rangers
1993,TOR,95,67,45747666.0,45747666.0,1694358,700000,58.64,AL,E,1,Y,,Y,Y,Toronto Blue Jays
1993,WSN,94,68,14881334.0,14881334.0,513149,142500,58.02,NL,E,2,N,,N,N,Montreal Expos
1994,ATL,68,46,40502167.0,40502167.0,1500080,750000,59.65,NL,E,2,,,,,Atlanta Braves
1994,BAL,63,49,37669769.0,37669769.0,1345349,637500,56.25,AL,E,2,,,,,Baltimore Orioles
1994,BOS,54,61,36334084.0,36334084.0,1453363,650000,46.96,AL,E,4,,,,,Boston Red Sox
1994,CHC,49,64,35717333.0,35717333.0,1322864,300000,43.36,NL,C,5,,,,,Chicago Cubs
1994,CHW,67,46,38413836.0,38413836.0,1422735,750000,59.29,AL,C,1,,,,,Chicago White Sox
1994,CIN,66,48,39826333.0,39826333.0,1475049,500000,57.89,NL,C,1,,,,,Cincinnati Reds
1994,CLE,66,47,28490167.0,28490167.0,1095776,650000,58.41,AL,C,2,,,,,Cleveland Indians
1994,COL,53,64,22979000.0,22979000.0,851074,224000,45.3,NL,W,3,,,,,Colorado Rockies
1994,DET,53,62,40042501.0,40042501.0,1601700,1333333,46.09,AL,E,5,,,,,Detroit Tigers
1994,HOU,66,49,32041500.0,32041500.0,1186722,340000,57.39,NL,C,2,,,,,Houston Astros
1994,KCR,64,51,40481334.0,40481334.0,1499309,700000,55.65,AL,C,3,,,,,Kansas City Royals
1994,LAA,47,68,20691500.0,20691500.0,795827,400000,40.87,AL,W,4,,,,,California Angels
1994,LAD,58,56,37194001.0,37194001.0,1377556,600000,50.88,NL,W,1,,,,,Los Angeles Dodgers
1994,MIA,51,64,20275500.0,20275500.0,779827,230000,44.35,NL,E,5,,,,,Florida Marlins
1994,MIL,53,62,23375513.0,23375513.0,806052,350000,46.09,AL,C,5,,,,,Milwaukee Brewers
1994,MIN,53,60,27641500.0,27641500.0,1063135,262500,46.9,AL,C,4,,,,,Minnesota Twins
1994,NYM,55,58,29890324.0,29890324.0,1195613,290000,48.67,NL,E,3,,,,,New York Mets
1994,NYY,70,43,44785334.0,44785334.0,1722513,1312500,61.95,AL,E,1,,,,,New York Yankees
1994,OAK,51,63,33169500.0,33169500.0,1275750,413500,44.74,AL,W,2,,,,,Oakland Athletics
1994,PHI,54,61,31422000.0,31422000.0,1083517,750000,46.96,NL,E,4,,,,,Philadelphia Phillies
1994,PIT,53,61,20265500.0,20265500.0,779442,192500,46.49,NL,C,3,,,,,Pittsburgh Pirates
1994,SDP,47,70,13529333.0,13529333.0,520359,167500,40.17,NL,W,4,,,,,San Diego Padres
1994,SEA,49,63,27872167.0,27872167.0,1072006,275000,43.75,AL,W,3,,,,,Seattle Mariners
1994,SFG,55,60,40054300.0,40054300.0,1483493,700000,47.83,NL,W,2,,,,,San Francisco Giants
1994,STL,53,61,28956001.0,28956001.0,1034143,587500,46.49,NL,C,3,,,,,St. Louis Cardinals
1994,TEX,52,62,32423097.0,32423097.0,1118038,475000,45.61,AL,W,1,,,,,Texas Rangers
1994,TOR,55,60,41937668.0,41937668.0,1497774,530000,47.83,AL,E,3,,,,,Toronto Blue Jays
1994,WSN,74,40,18640000.0,18640000.0,745600,200000,64.91,NL,E,1,,,,,Montreal Expos
1995,ATL,90,54,45199000.0,45199000.0,1738423,550000,62.5,NL,E,1,Y,N,Y,Y,Atlanta Braves
1995,BAL,71,73,40835519.0,40835519.0,1361184,387500,49.31,AL,E,3,N,N,N,N,Baltimore Orioles
1995,BOS,86,58,28672250.0,28672250.0,955742,282500,59.72,AL,E,1,Y,N,N,N,Boston Red Sox
1995,CHC,73,71,32460834.0,32460834.0,1159316,240000,50.69,NL,C,3,N,N,N,N,Chicago Cubs
1995,CHW,68,76,39632834.0,39632834.0,1524340,775000,47.22,AL,C,3,N,N,N,N,Chicago White Sox
1995,CIN,85,59,37240667.0,37240667.0,1379284,600000,59.03,NL,C,1,Y,N,N,N,Cincinnati Reds
1995,CLE,100,44,35185500.0,35185500.0,1213293,725000,69.44,AL,C,1,Y,N,Y,N,Cleveland Indians
1995,COL,77,67,31146135.0,31146135.0,1153561,350000,53.47,NL,W,2,N,Y,N,N,Colorado Rockies
1995,DET,60,84,35862501.0,35862501.0,1236638,225000,41.67,AL,E,4,N,N,N,N,Detroit Tigers
1995,HOU,76,68,31624000.0,31624000.0,1171259,185000,52.78,NL,C,2,N,N,N,N,Houston Astros
1995,KCR,70,74,27608834.0,27608834.0,952029,300000,48.61,AL,C,2,N,N,N,N,Kansas City Royals
1995,LAA,78,67,28974167.0,28974167.0,1034792,185000,53.79,AL,W,2,N,N,N,N,California Angels
1995,LAD,78,66,30459001.0,30459001.0,1015300,287500,54.17,NL,W,1,Y,N,N,N,Los Angeles Dodgers
1995,MIA,67,76,23670000.0,23670000.0,717273,185000,46.85,NL,E,4,N,N,N,N,Florida Marlins
1995,MIL,65,79,16189600.0,16189600.0,522245,158000,45.14,AL,C,4,N,N,N,N,Milwaukee Brewers
1995,MIN,56,88,24527500.0,24527500.0,908426,167500,38.89,AL,C,5,N,N,N,N,Minnesota Twins
1995,NYM,69,75,24301440.0,24301440.0,934671,210000,47.92,NL,E,2,N,N,N,N,New York Mets
1995,NYY,79,65,46657016.0,46657016.0,1555234,531000,54.86,AL,E,2,N,Y,N,N,New York Yankees
1995,OAK,67,77,35961500.0,35961500.0,1198717,235000,46.53,AL,W,4,N,N,N,N,Oakland Athletics
1995,PHI,69,75,28580000.0,28580000.0,1020714,250000,47.92,NL,E,2,N,N,N,N,Philadelphia Phillies
1995,PIT,58,86,17043000.0,17043000.0,631222,225000,40.28,NL,C,5,N,N,N,N,Pittsburgh Pirates
1995,SDP,70,74,25923334.0,25923334.0,925833,200000,48.61,NL,W,3,N,N,N,N,San Diego Padres
1995,SEA,79,66,34241533.0,34241533.0,1180743,275000,54.48,AL,W,1,Y,N,N,N,Seattle Mariners
1995,SFG,67,77,34931849.0,34931849.0,1091620,325000,46.53,NL,W,4,N,N,N,N,San Francisco Giants
1995,STL,62,81,30956000.0,30956000.0,967375,300000,43.36,NL,C,4,N,N,N,N,St. Louis Cardinals
1995,TEX,74,70,32367226.0,32367226.0,1078908,270000,51.39,AL,W,3,N,N,N,N,Texas Rangers
1995,TOR,56,88,49791500.0,49791500.0,1778268,425000,38.89,AL,E,5,N,N,N,N,Toronto Blue Jays
1995,WSN,66,78,12031000.0,12031000.0,429679,217500,45.83,NL,E,5,N,N,N,N,Montreal Expos
1996,ATL,96,66,47930000.0,47930000.0,1843462,480000,59.26,NL,E,1,Y,N,Y,N,Atlanta Braves
1996,BAL,88,74,48726832.0,48726832.0,1949073,750000,54.32,AL,E,2,N,Y,N,N,Baltimore Orioles
1996,BOS,85,77,39676000.0,39676000.0,1368138,570000,52.47,AL,E,3,N,N,N,N,Boston Red Sox
1996,CHC,76,86,30954000.0,30954000.0,1146444,500000,46.91,NL,C,4,N,N,N,N,Chicago Cubs
1996,CHW,85,77,41940000.0,41940000.0,1677600,800000,52.47,AL,C,2,N,N,N,N,Chicago White Sox
1996,CIN,81,81,40719334.0,40719334.0,1357311,550000,50.0,NL,C,3,N,N,N,N,Cincinnati Reds
1996,CLE,99,62,45317914.0,45317914.0,1742997,962500,61.49,AL,C,1,Y,N,N,N,Cleveland Indians
1996,COL,83,79,34918490.0,34918490.0,1204086,425000,51.23,NL,W,3,N,N,N,N,Colorado Rockies
1996,DET,53,109,21941000.0,21941000.0,877640,185000,32.72,AL,E,5,N,N,N,N,Detroit Tigers
1996,HOU,82,80,26894000.0,26894000.0,1034385,290000,50.62,NL,C,2,N,N,N,N,Houston Astros
1996,KCR,75,86,18480750.0,18480750.0,684472,207500,46.58,AL,C,5,N,N,N,N,Kansas City Royals
1996,LAA,70,91,26892500.0,26892500.0,896417,300000,43.48,AL,W,4,N,N,N,N,California Angels
1996,LAD,90,72,34647000.0,34647000.0,1237393,512500,55.56,NL,W,2,N,Y,N,N,Los Angeles Dodgers
1996,MIA,80,82,30079500.0,30079500.0,1156904,406250,49.38,NL,E,3,N,N,N,N,Florida Marlins
1996,MIL,80,82,20482000.0,20482000.0,731500,235000,49.38,AL,C,3,N,N,N,N,Milwaukee Brewers
1996,MIN,78,84,21961500.0,21961500.0,757293,172000,48.15,AL,C,4,N,N,N,N,Minnesota Twins
1996,NYM,71,91,23456500.0,23456500.0,808845,215000,43.83,NL,E,4,N,N,N,N,New York Mets
1996,NYY,92,70,52189370.0,52189370.0,1799633,1100000,56.79,AL,E,1,Y,N,Y,Y,New York Yankees
1996,OAK,78,84,19404500.0,19404500.0,746327,152500,48.15,AL,W,3,N,N,N,N,Oakland Athletics
1996,PHI,67,95,28393500.0,28393500.0,915919,250000,41.36,NL,E,5,N,N,N,N,Philadelphia Phillies
1996,PIT,73,89,21253500.0,21253500.0,787167,275000,45.06,NL,C,5,N,N,N,N,Pittsburgh Pirates
1996,SDP,91,71,27133026.0,27133026.0,1043578,500000,56.17,NL,W,1,Y,N,N,N,San Diego Padres
1996,SEA,85,76,39221501.0,39221501.0,1452648,400000,52.8,AL,W,2,N,N,N,N,Seattle Mariners
1996,SFG,68,94,34605225.0,34605225.0,1281675,240000,41.98,NL,W,4,N,N,N,N,San Francisco Giants
1996,STL,88,74,38741666.0,38741666.0,1249731,625000,54.32,NL,C,1,Y,N,N,N,St. Louis Cardinals
1996,TEX,90,72,35862028.0,35862028.0,1280787,367500,55.56,AL,W,1,Y,N,N,N,Texas Rangers
1996,TOR,74,88,28486708.0,28486708.0,1095643,261250,45.68,AL,E,4,N,N,N,N,Toronto Blue Jays
1996,WSN,88,74,15410500.0,15410500.0,616420,190000,54.32,NL,E,2,N,N,N,N,Montreal Expos
1997,ATL,101,61,50488500.0,50488500.0,1803161,395000,62.35,NL,E,1,Y,N,N,N,Atlanta Braves
1997,BAL,98,64,54871399.0,54871399.0,2032274,760000,60.49,AL,E,1,Y,N,N,N,Baltimore Orioles
1997,BOS,78,84,43232000.0,43232000.0,1490759,900000,48.15,AL,E,4,N,N,N,N,Boston Red Sox
1997,CHC,68,94,39829333.0,39829333.0,1531897,675000,41.98,NL,C,5,N,N,N,N,Chicago Cubs
1997,CHW,80,81,54377500.0,54377500.0,1942054,575000,49.69,AL,C,2,N,N,N,N,Chicago White Sox
1997,CIN,76,86,46267000.0,46267000.0,1595414,600000,46.91,NL,C,3,N,N,N,N,Cincinnati Reds
1997,CLE,86,75,54130232.0,54130232.0,2004823,1800000,53.42,AL,C,1,Y,N,Y,N,Cleveland Indians
1997,COL,83,79,42870501.0,42870501.0,1587796,550000,51.23,NL,W,3,N,N,N,N,Colorado Rockies
1997,DET,79,83,16304500.0,16304500.0,582304,297500,48.77,AL,E,3,N,N,N,N,Detroit Tigers
1997,HOU,84,78,32935000.0,32935000.0,1219815,420000,51.85,NL,C,1,Y,N,N,N,Houston Astros
1997,KCR,67,94,31225000.0,31225000.0,1076724,340000,41.61,AL,C,5,N,N,N,N,Kansas City Royals
1997,LAA,84,78,29452672.0,29452672.0,1015609,400000,51.85,AL,W,2,N,N,N,N,Anaheim Angels
1997,LAD,88,74,43400000.0,43400000.0,1607407,550000,54.32,NL,W,2,N,N,N,N,Los Angeles Dodgers
1997,MIA,92,70,47753000.0,47753000.0,1705464,487500,56.79,NL,E,2,N,Y,Y,Y,Florida Marlins
1997,MIL,78,83,21020332.0,21020332.0,840813,325000,48.45,AL,C,3,N,N,N,N,Milwaukee Brewers
1997,MIN,68,94,25747500.0,25747500.0,990288,387500,41.98,AL,C,4,N,N,N,N,Minnesota Twins
1997,NYM,88,74,38474567.0,38474567.0,1282486,213500,54.32,NL,E,3,N,N,N,N,New York Mets
1997,NYY,96,66,59148877.0,59148877.0,2190699,1100000,59.26,AL,E,2,N,Y,N,N,New York Yankees
1997,OAK,65,97,21911000.0,21911000.0,876440,194000,40.12,AL,W,4,N,N,N,N,Oakland Athletics
1997,PHI,68,94,35463500.0,35463500.0,1143984,235000,41.98,NL,E,5,N,N,N,N,Philadelphia Phillies
1997,PIT,79,83,9071666.0,9071666.0,335988,200000,48.77,NL,C,2,N,N,N,N,Pittsburgh Pirates
1997,SDP,76,86,34698672.0,34698672.0,1334564,717500,46.91,NL,W,4,N,N,N,N,San Diego Padres
1997,SEA,90,72,39667628.0,39667628.0,1469171,550000,55.56,AL,W,1,Y,N,N,N,Seattle Mariners
1997,SFG,90,72,33469213.0,33469213.0,1154111,550000,55.56,NL,W,1,Y,N,N,N,San Francisco Giants
1997,STL,73,89,44179167.0,44179167.0,1472639,462500,45.06,NL,C,4,N,N,N,N,St. Louis Cardinals
1997,TEX,77,85,50112268.0,50112268.0,1927395,525000,47.53,AL,W,3,N,N,N,N,Texas Rangers
1997,TOR,76,86,45894833.0,45894833.0,1582580,625000,46.91,AL,E,5,N,N,N,N,Toronto Blue Jays
1997,WSN,78,84,18335500.0,18335500.0,705212,222500,48.15,NL,E,4,N,N,N,N,Montreal Expos
1998,ARI,65,97,28936500.0,28936500.0,1157460,240000,40.12,NL,W,5,N,N,N,N,Arizona Diamondbacks
1998,ATL,106,56,59536000.0,59536000.0,2126286,350000,65.43,NL,E,1,Y,N,N,N,Atlanta Braves
1998,BAL,79,83,70408134.0,70408134.0,2607709,1800000,48.77,AL,E,4,N,N,N,N,Baltimore Orioles
1998,BOS,92,70,51647000.0,51647000.0,1780931,1000000,56.79,AL,E,2,N,Y,N,N,Boston Red Sox
1998,CHC,90,73,49383000.0,49383000.0,1829000,725000,55.21,NL,C,2,N,Y,N,N,Chicago Cubs
1998,CHW,80,82,36840000.0,36840000.0,1473600,230000,49.38,AL,C,2,N,N,N,N,Chicago White Sox
1998,CIN,77,85,21995000.0,21995000.0,758448,265000,47.53,NL,C,4,N,N,N,N,Cincinnati Reds
1998,CLE,89,73,59033499.0,59033499.0,2108339,1750000,54.94,AL,C,1,Y,N,N,N,Cleveland Indians
1998,COL,77,85,47433333.0,47433333.0,1694048,655000,47.53,NL,W,4,N,N,N,N,Colorado Rockies
1998,DET,65,97,22625000.0,22625000.0,780172,400000,40.12,AL,C,5,N,N,N,N,Detroit Tigers
1998,HOU,102,60,40629000.0,40629000.0,1451036,675000,62.96,NL,C,1,Y,N,N,N,Houston Astros
1998,KCR,72,89,32912500.0,32912500.0,1175446,321250,44.72,AL,C,3,N,N,N,N,Kansas City Royals
1998,LAA,85,77,38537000.0,38537000.0,1284567,487500,52.47,AL,W,2,N,N,N,N,Anaheim Angels
1998,LAD,83,79,47970000.0,47970000.0,1654138,650000,51.23,NL,W,3,N,N,N,N,Los Angeles Dodgers
1998,MIA,54,108,33434000.0,33434000.0,1238296,185000,33.33,NL,E,5,N,N,N,N,Florida Marlins
1998,MIL,74,88,32252583.0,32252583.0,1112158,525000,45.68,NL,C,5,N,N,N,N,Milwaukee Brewers
1998,MIN,70,92,26182500.0,26182500.0,1090938,537500,43.21,AL,C,4,N,N,N,N,Minnesota Twins
1998,NYM,88,74,49559665.0,49559665.0,1651989,1000000,54.32,NL,E,2,N,N,N,N,New York Mets
1998,NYY,114,48,63159898.0,63159898.0,2429227,1416666,70.37,AL,E,1,Y,N,Y,Y,New York Yankees
1998,OAK,74,88,20063000.0,20063000.0,668767,270000,45.68,AL,W,4,N,N,N,N,Oakland Athletics
1998,PHI,75,87,36085000.0,36085000.0,949605,232500,46.3,NL,E,3,N,N,N,N,Philadelphia Phillies
1998,PIT,69,93,13752000.0,13752000.0,491143,275000,42.59,NL,C,6,N,N,N,N,Pittsburgh Pirates
1998,SDP,98,64,45368000.0,45368000.0,1744923,800000,60.49,NL,W,1,Y,N,Y,N,San Diego Padres
1998,SEA,76,85,52032291.0,52032291.0,1678461,550000,47.2,AL,W,3,N,N,N,N,Seattle Mariners
1998,SFG,89,74,41320835.0,41320835.0,1530401,1000000,54.6,NL,W,2,N,N,N,N,San Francisco Giants
1998,STL,83,79,52572500.0,52572500.0,1752417,750000,51.23,NL,C,3,N,N,N,N,St. Louis Cardinals
1998,TBR,63,99,25317500.0,25317500.0,873017,205000,38.89,AL,E,5,N,N,N,N,Tampa Bay Devil Rays
1998,TEX,88,74,54704595.0,54704595.0,1953736,1100000,54.32,AL,W,1,Y,N,N,N,Texas Rangers
1998,TOR,88,74,48415000.0,48415000.0,1729107,1312500,54.32,AL,E,3,N,N,N,N,Toronto Blue Jays
1998,WSN,65,97,9202000.0,9202000.0,353923,225000,40.12,NL,E,4,N,N,N,N,Montreal Expos
1999,ARI,100,62,70370999.0,70370999.0,2199094,1012500,61.73,NL,W,1,Y,N,N,N,Arizona Diamondbacks
1999,ATL,103,59,75065000.0,75065000.0,2345781,975000,63.58,NL,E,1,Y,N,Y,N,Atlanta Braves
1999,BAL,78,84,70818363.0,70818363.0,2442013,800000,48.15,AL,E,4,N,N,N,N,Baltimore Orioles
1999,BOS,94,68,71720000.0,71720000.0,2173333,1500000,58.02,AL,E,2,N,Y,N,N,Boston Red Sox
1999,CHC,67,95,55368500.0,55368500.0,1909259,825000,41.36,NL,C,6,N,N,N,N,Chicago Cubs
1999,CHW,75,86,24550000.0,24550000.0,909259,240000,46.58,AL,C,2,N,N,N,N,Chicago White Sox
1999,CIN,96,67,42917761.0,42917761.0,1384444,450000,58.9,NL,C,2,N,N,N,N,Cincinnati Reds
1999,CLE,97,65,73857962.0,73857962.0,2051610,670000,59.88,AL,C,1,Y,N,N,N,Cleveland Indians
1999,COL,72,90,54392504.0,54392504.0,1942589,550000,44.44,NL,W,5,N,N,N,N,Colorado Rockies
1999,DET,69,92,34959666.0,34959666.0,1165322,365000,42.86,AL,C,3,N,N,N,N,Detroit Tigers
1999,HOU,97,65,55289000.0,55289000.0,1675424,700000,59.88,NL,C,1,Y,N,N,N,Houston Astros
1999,KCR,64,97,16527000.0,16527000.0,533129,225000,39.75,AL,C,4,N,N,N,N,Kansas City Royals
1999,LAA,70,92,49893166.0,49893166.0,1511914,375000,43.21,AL,W,4,N,N,N,N,Anaheim Angels
1999,LAD,77,85,70935786.0,70935786.0,2446062,1050000,47.53,NL,W,3,N,N,N,N,Los Angeles Dodgers
1999,MIA,64,98,15150000.0,15150000.0,561111,220000,39.51,NL,E,5,N,N,N,N,Florida Marlins
1999,MIL,74,87,42927395.0,42927395.0,1341481,256250,45.96,NL,C,5,N,N,N,N,Milwaukee Brewers
1999,MIN,63,97,16355000.0,16355000.0,654200,277500,39.38,AL,C,5,N,N,N,N,Minnesota Twins
1999,NYM,97,66,71331425.0,71331425.0,2161558,1687500,59.51,NL,E,2,N,Y,N,N,New York Mets
1999,NYY,98,64,88130709.0,88130709.0,3147525,2008333,60.49,AL,E,1,Y,N,Y,Y,New York Yankees
1999,OAK,87,75,24150333.0,24150333.0,805011,462500,53.7,AL,W,2,N,N,N,N,Oakland Athletics
1999,PHI,77,85,30516500.0,30516500.0,953641,352000,47.53,NL,E,3,N,N,N,N,Philadelphia Phillies
1999,PIT,78,83,24217666.0,24217666.0,691933,350000,48.45,NL,C,3,N,N,N,N,Pittsburgh Pirates
1999,SDP,74,88,45932179.0,45932179.0,1640435,487500,45.68,NL,W,4,N,N,N,N,San Diego Padres
1999,SEA,79,83,44371336.0,44371336.0,1431333,400000,48.77,AL,W,3,N,N,N,N,Seattle Mariners
1999,SFG,86,76,46059557.0,46059557.0,1644984,740000,53.09,NL,W,2,N,N,N,N,San Francisco Giants
1999,STL,75,86,46248195.0,46248195.0,1445256,520000,46.58,NL,C,4,N,N,N,N,St. Louis Cardinals
1999,TBR,69,93,37812500.0,37812500.0,1112132,267500,42.59,AL,E,5,N,N,N,N,Tampa Bay Devil Rays
1999,TEX,95,67,81301598.0,81301598.0,2803503,2225000,58.64,AL,W,1,Y,N,N,N,Texas Rangers
1999,TOR,84,78,48165333.0,48165333.0,1505167,491666,51.85,AL,E,3,N,N,N,N,Toronto Blue Jays
1999,WSN,68,94,16363000.0,16363000.0,527839,225000,41.98,NL,E,4,N,N,N,N,Montreal Expos
2000,ARI,85,77,79230333.0,79230333.0,2829655,1779166,52.47,NL,W,3,N,N,N,N,Arizona Diamondbacks
2000,ATL,95,67,82732500.0,82732500.0,2852845,1400000,58.64,NL,E,1,Y,N,N,N,Atlanta Braves
2000,BAL,74,88,83141198.0,83141198.0,2866938,1850000,45.68,AL,E,4,N,N,N,N,Baltimore Orioles
2000,BOS,85,77,81210333.0,81210333.0,2707011,2000000,52.47,AL,E,2,N,N,N,N,Boston Red Sox
2000,CHC,65,97,62129333.0,62129333.0,2004172,776000,40.12,NL,C,6,N,N,N,N,Chicago Cubs
2000,CHW,95,67,31159000.0,31159000.0,1074448,285000,58.64,AL,C,1,Y,N,N,N,Chicago White Sox
2000,CIN,85,77,44217500.0,44217500.0,1700673,815000,52.47,NL,C,2,N,N,N,N,Cincinnati Reds
2000,CLE,90,72,76508334.0,76508334.0,2942628,1596333,55.56,AL,C,2,N,N,N,N,Cleveland Indians
2000,COL,82,80,61314190.0,61314190.0,2189793,1250000,50.62,NL,W,4,N,N,N,N,Colorado Rockies
2000,DET,79,83,61740167.0,61740167.0,2058006,1175000,48.77,AL,C,3,N,N,N,N,Detroit Tigers
2000,HOU,72,90,52081667.0,52081667.0,2083267,800000,44.44,NL,C,4,N,N,N,N,Houston Astros
2000,KCR,77,85,23682500.0,23682500.0,910865,462500,47.53,AL,C,4,N,N,N,N,Kansas City Royals
2000,LAA,82,80,51266667.0,51266667.0,1767816,550000,50.62,AL,W,3,N,N,N,N,Anaheim Angels
2000,LAD,86,76,90375953.0,90375953.0,2915353,1400000,53.09,NL,W,2,N,N,N,N,Los Angeles Dodgers
2000,MIA,79,82,19870000.0,19870000.0,709643,268500,49.07,NL,E,3,N,N,N,N,Florida Marlins
2000,MIL,73,89,35782833.0,35782833.0,1084328,350000,45.06,NL,C,3,N,N,N,N,Milwaukee Brewers
2000,MIN,69,93,15654500.0,15654500.0,626180,285000,42.59,AL,C,5,N,N,N,N,Minnesota Twins
2000,NYM,94,68,79759762.0,79759762.0,3067683,2225000,58.02,NL,E,2,N,Y,Y,N,New York Mets
2000,NYY,87,74,92938260.0,92938260.0,3319224,1350000,54.04,AL,E,1,Y,N,Y,Y,New York Yankees
2000,OAK,91,70,32121833.0,32121833.0,1147208,400000,56.52,AL,W,1,Y,N,N,N,Oakland Athletics
2000,PHI,65,97,46947667.0,46947667.0,1618885,550000,40.12,NL,E,5,N,N,N,N,Philadelphia Phillies
2000,PIT,69,93,26561667.0,26561667.0,1062467,450000,42.59,NL,C,5,N,N,N,N,Pittsburgh Pirates
2000,SDP,76,86,54971000.0,54971000.0,1832367,700000,46.91,NL,W,5,N,N,N,N,San Diego Padres
2000,SEA,91,71,59215000.0,59215000.0,2277500,1475000,56.17,AL,W,2,N,Y,N,N,Seattle Mariners
2000,SFG,97,65,53541000.0,53541000.0,1983000,1125000,59.88,NL,W,1,Y,N,N,N,San Francisco Giants
2000,STL,95,67,63093023.0,63093023.0,2253322,925000,58.64,NL,C,1,Y,N,N,N,St. Louis Cardinals
2000,TBR,69,92,64407910.0,64407910.0,2012747,537500,42.86,AL,E,5,N,N,N,N,Tampa Bay Devil Rays
2000,TEX,71,91,70785000.0,70785000.0,2621667,1100000,43.83,AL,W,4,N,N,N,N,Texas Rangers
2000,TOR,83,79,46363332.0,46363332.0,1783205,716666,51.23,AL,E,3,N,N,N,N,Toronto Blue Jays
2000,WSN,67,95,33527666.0,33527666.0,1156126,325000,41.36,NL,E,4,N,N,N,N,Montreal Expos
2001,ARI,92,70,85247999.0,85247999.0,3044571,1650000,56.79,NL,W,1,Y,N,Y,Y,Arizona Diamondbacks
2001,ATL,88,74,91936166.0,91936166.0,2965683,1200000,54.32,NL,E,1,Y,N,N,N,Atlanta Braves
2001,BAL,63,98,74279540.0,74279540.0,2475985,1360000,39.13,AL,E,4,N,N,N,N,Baltimore Orioles
2001,BOS,82,79,109675833.0,109675833.0,3427370,1962500,50.93,AL,E,2,N,N,N,N,Boston Red Sox
2001,CHC,88,74,64515833.0,64515833.0,2481378,2000000,54.32,NL,C,3,N,N,N,N,Chicago Cubs
2001,CHW,83,79,65628667.0,65628667.0,2430691,975000,51.23,AL,C,3,N,N,N,N,Chicago White Sox
2001,CIN,66,96,48784000.0,48784000.0,1876308,550000,40.74,NL,C,5,N,N,N,N,Cincinnati Reds
2001,CLE,91,71,92660001.0,92660001.0,2989032,2000000,56.17,AL,C,1,Y,N,N,N,Cleveland Indians
2001,COL,73,89,71541334.0,71541334.0,2751590,1208333,45.06,NL,W,5,N,N,N,N,Colorado Rockies
2001,DET,66,96,49356167.0,49356167.0,1762720,432500,40.74,AL,C,4,N,N,N,N,Detroit Tigers
2001,HOU,93,69,60387667.0,60387667.0,2236580,1300000,57.41,NL,C,1,Y,N,N,N,Houston Astros
2001,KCR,65,97,35422500.0,35422500.0,1265089,372500,40.12,AL,C,5,N,N,N,N,Kansas City Royals
2001,LAA,75,87,47735168.0,47735168.0,1539844,350000,46.3,AL,W,3,N,N,N,N,Anaheim Angels
2001,LAD,86,76,109105953.0,109105953.0,3762274,1725000,53.09,NL,W,3,N,N,N,N,Los Angeles Dodgers
2001,MIA,76,86,35562500.0,35562500.0,1185417,450000,46.91,NL,E,4,N,N,N,N,Florida Marlins
2001,MIL,68,94,45099333.0,45099333.0,1555149,910000,41.98,NL,C,4,N,N,N,N,Milwaukee Brewers
2001,MIN,85,77,24130000.0,24130000.0,893704,260000,52.47,AL,C,2,N,N,N,N,Minnesota Twins
2001,NYM,82,80,93674428.0,93674428.0,3230153,1800000,50.62,NL,E,3,N,N,N,N,New York Mets
2001,NYY,95,65,112287143.0,112287143.0,3622166,1600000,59.38,AL,E,1,Y,N,Y,N,New York Yankees
2001,OAK,102,60,33810750.0,33810750.0,1252250,350000,62.96,AL,W,2,N,Y,N,N,Oakland Athletics
2001,PHI,86,76,41663833.0,41663833.0,1602455,750000,53.09,NL,E,2,N,N,N,N,Philadelphia Phillies
2001,PIT,62,100,57760833.0,57760833.0,1863253,795000,38.27,NL,C,6,N,N,N,N,Pittsburgh Pirates
2001,SDP,79,83,38882833.0,38882833.0,1440105,350000,48.77,NL,W,4,N,N,N,N,San Diego Padres
2001,SEA,116,46,74720834.0,74720834.0,2668601,1925000,71.6,AL,W,1,Y,N,N,N,Seattle Mariners
2001,SFG,90,72,63280167.0,63280167.0,2343710,1300000,55.56,NL,W,2,N,N,N,N,San Francisco Giants
2001,STL,93,69,78333333.0,78333333.0,2701149,1500000,57.41,NL,C,2,N,Y,N,N,St. Louis Cardinals
2001,TBR,62,100,56980000.0,56980000.0,2110370,700000,38.27,AL,E,5,N,N,N,N,Tampa Bay Devil Rays
2001,TEX,73,89,88633500.0,88633500.0,2859145,800000,45.06,AL,W,4,N,N,N,N,Texas Rangers
2001,TOR,80,82,76895999.0,76895999.0,2746286,2191666,49.38,AL,E,3,N,N,N,N,Toronto Blue Jays
2001,WSN,68,94,34849500.0,34849500.0,1161650,310000,41.98,NL,E,5,N,N,N,N,Montreal Expos
2002,ARI,98,64,102819999.0,102819999.0,3115758,2000000,60.49,NL,W,1,Y,N,N,N,Arizona Diamondbacks
2002,ATL,101,59,93470367.0,93470367.0,3015173,600000,63.12,NL,E,1,Y,N,N,N,Atlanta Braves
2002,BAL,67,95,60493487.0,60493487.0,1890421,300000,41.36,AL,E,4,N,N,N,N,Baltimore Orioles
2002,BOS,93,69,108366060.0,108366060.0,3612202,2287500,57.41,AL,E,2,N,N,N,N,Boston Red Sox
2002,CHC,67,95,75690833.0,75690833.0,2703244,1462500,41.36,NL,C,5,N,N,N,N,Chicago Cubs
2002,CHW,81,81,57052833.0,57052833.0,2113068,575000,50.0,AL,C,2,N,N,N,N,Chicago White Sox
2002,CIN,78,84,45050390.0,45050390.0,1501680,500000,48.15,NL,C,3,N,N,N,N,Cincinnati Reds
2002,CLE,74,88,78909449.0,78909449.0,2630315,1650000,45.68,AL,C,3,N,N,N,N,Cleveland Indians
2002,COL,73,89,56851043.0,56851043.0,2105594,600000,45.06,NL,W,4,N,N,N,N,Colorado Rockies
2002,DET,55,106,55048000.0,55048000.0,1966000,1000000,34.16,AL,C,5,N,N,N,N,Detroit Tigers
2002,HOU,84,78,63448417.0,63448417.0,2349941,500000,51.85,NL,C,2,N,N,N,N,Houston Astros
2002,KCR,62,100,47257000.0,47257000.0,1629552,800000,38.27,AL,C,4,N,N,N,N,Kansas City Royals
2002,LAA,99,63,61721667.0,61721667.0,2204345,450000,61.11,AL,W,2,N,Y,Y,Y,Anaheim Angels
2002,LAD,92,70,94850953.0,94850953.0,3648114,1950000,56.79,NL,W,3,N,N,N,N,Los Angeles Dodgers
2002,MIA,79,83,41979917.0,41979917.0,1499283,737500,48.77,NL,E,4,N,N,N,N,Florida Marlins
2002,MIL,56,106,50287833.0,50287833.0,1734063,1100000,34.57,NL,C,6,N,N,N,N,Milwaukee Brewers
2002,MIN,94,67,40225000.0,40225000.0,1547115,475000,58.39,AL,C,1,Y,N,N,N,Minnesota Twins
2002,NYM,75,86,94633593.0,94633593.0,3639754,2107500,46.58,NL,E,5,N,N,N,N,New York Mets
2002,NYY,103,58,125928583.0,125928583.0,4342365,2500000,63.98,AL,E,1,Y,N,N,N,New York Yankees
2002,OAK,103,59,40004167.0,40004167.0,1481636,812500,63.58,AL,W,1,Y,N,N,N,Oakland Athletics
2002,PHI,80,81,57954999.0,57954999.0,2069821,675000,49.69,NL,E,3,N,N,N,N,Philadelphia Phillies
2002,PIT,72,89,42323599.0,42323599.0,1459434,625000,44.72,NL,C,4,N,N,N,N,Pittsburgh Pirates
2002,SDP,66,96,41425000.0,41425000.0,1428448,350000,40.74,NL,W,5,N,N,N,N,San Diego Padres
2002,SEA,93,69,80282668.0,80282668.0,3211307,3333333,57.41,AL,W,3,N,N,N,N,Seattle Mariners
2002,SFG,95,66,78299835.0,78299835.0,2899994,1750000,59.01,NL,W,2,N,Y,Y,N,San Francisco Giants
2002,STL,97,65,74660875.0,74660875.0,2871572,2125000,59.88,NL,C,1,Y,N,N,N,St. Louis Cardinals
2002,TBR,55,106,34380000.0,34380000.0,1227857,267500,34.16,AL,E,5,N,N,N,N,Tampa Bay Devil Rays
2002,TEX,72,90,105726122.0,105726122.0,3645728,2000000,44.44,AL,W,4,N,N,N,N,Texas Rangers
2002,TOR,78,84,76864333.0,76864333.0,2650494,1650000,48.15,AL,E,3,N,N,N,N,Toronto Blue Jays
2002,WSN,83,79,38670500.0,38670500.0,1381089,345000,51.23,NL,E,2,N,N,N,N,Montreal Expos
2003,ARI,84,78,80657000.0,80657000.0,3226280,1750000,51.85,NL,W,3,N,N,N,N,Arizona Diamondbacks
2003,ATL,101,61,106243667.0,106243667.0,3934951,800000,62.35,NL,E,1,Y,N,N,N,Atlanta Braves
2003,BAL,71,91,73877500.0,73877500.0,2547500,1200000,43.83,AL,E,4,N,N,N,N,Baltimore Orioles
2003,BOS,95,67,99946500.0,99946500.0,3701722,2000000,58.64,AL,E,2,N,Y,N,N,Boston Red Sox
2003,CHC,88,74,79868333.33,79868333.33,2852440,1125000,54.32,NL,C,1,Y,N,N,N,Chicago Cubs
2003,CHW,86,76,51010000.0,51010000.0,1961923,475000,53.09,AL,C,2,N,N,N,N,Chicago White Sox
2003,CIN,69,93,59355667.0,59355667.0,2119845,694000,42.59,NL,C,5,N,N,N,N,Cincinnati Reds
2003,CLE,68,94,48584834.0,48584834.0,1567253,330000,41.98,AL,C,4,N,N,N,N,Cleveland Indians
2003,COL,74,88,67179667.0,67179667.0,2239322,550000,45.68,NL,W,4,N,N,N,N,Colorado Rockies
2003,DET,43,119,49168000.0,49168000.0,1891077,320000,26.54,AL,C,5,N,N,N,N,Detroit Tigers
2003,HOU,87,75,71040000.0,71040000.0,2732308,1200000,53.7,NL,C,2,N,N,N,N,Houston Astros
2003,KCR,83,79,40518000.0,40518000.0,1558385,313500,51.23,AL,C,3,N,N,N,N,Kansas City Royals
2003,LAA,77,85,79031667.0,79031667.0,2927099,1000000,47.53,AL,W,3,N,N,N,N,Anaheim Angels
2003,LAD,85,77,105872620.0,105872620.0,4072024,2605833,52.47,NL,W,2,N,N,N,N,Los Angeles Dodgers
2003,MIA,91,71,48750000.0,48750000.0,1805556,1400000,56.17,NL,E,2,N,Y,Y,Y,Florida Marlins
2003,MIL,68,94,40627000.0,40627000.0,1400931,428000,41.98,NL,C,6,N,N,N,N,Milwaukee Brewers
2003,MIN,90,72,55505000.0,55505000.0,2134808,750000,55.56,AL,C,1,Y,N,N,N,Minnesota Twins
2003,NYM,66,95,117176429.0,117176429.0,4040567,1300000,40.99,NL,E,5,N,N,N,N,New York Mets
2003,NYY,101,61,152749814.0,152749814.0,5455351,4575000,62.35,AL,E,1,Y,N,Y,N,New York Yankees
2003,OAK,96,66,50260834.0,50260834.0,1933109,1032500,59.26,AL,W,1,Y,N,N,N,Oakland Athletics
2003,PHI,86,76,70780000.0,70780000.0,2440690,850000,53.09,NL,E,3,N,N,N,N,Philadelphia Phillies
2003,PIT,75,87,54812429.0,54812429.0,1957587,825000,46.3,NL,C,4,N,N,N,N,Pittsburgh Pirates
2003,SDP,64,98,45210000.0,45210000.0,1507000,555000,39.51,NL,W,5,N,N,N,N,San Diego Padres
2003,SEA,93,69,86959167.0,86959167.0,3220710,3150000,57.41,AL,W,2,N,N,N,N,Seattle Mariners
2003,SFG,100,61,82852167.0,82852167.0,3186622,1937500,62.11,NL,W,1,Y,N,N,N,San Francisco Giants
2003,STL,85,77,83786666.0,83786666.0,2702796,900000,52.47,NL,C,3,N,N,N,N,St. Louis Cardinals
2003,TBR,63,99,19630000.0,19630000.0,785200,300000,38.89,AL,E,5,N,N,N,N,Tampa Bay Devil Rays
2003,TEX,71,91,103491667.0,103491667.0,3449722,1150000,43.83,AL,W,4,N,N,N,N,Texas Rangers
2003,TOR,86,76,51269000.0,51269000.0,1898852,600000,53.09,AL,E,3,N,N,N,N,Toronto Blue Jays
2003,WSN,83,79,51948500.0,51948500.0,1998019,333500,51.23,NL,E,4,N,N,N,N,Montreal Expos
2004,ARI,51,111,69780750.0,69780750.0,2406233,500000,31.48,NL,W,5,N,N,N,N,Arizona Diamondbacks
2004,ATL,96,66,90182500.0,90182500.0,3220804,737500,59.26,NL,E,1,Y,N,N,N,Atlanta Braves
2004,BAL,78,84,51623333.0,51623333.0,1843690,887500,48.15,AL,E,3,N,N,N,N,Baltimore Orioles
2004,BOS,98,64,127298500.0,127298500.0,4243283,3087500,60.49,AL,E,2,N,Y,Y,Y,Boston Red Sox
2004,CHC,89,73,90560000.33,90560000.33,3122759,1550000,54.94,NL,C,3,N,N,N,N,Chicago Cubs
2004,CHW,83,79,65212500.0,65212500.0,2508173,775000,51.23,AL,C,2,N,N,N,N,Chicago White Sox
2004,CIN,76,86,46615250.0,46615250.0,1664830,422500,46.91,NL,C,4,N,N,N,N,Cincinnati Reds
2004,CLE,80,82,34319300.0,34319300.0,1143977,325000,49.38,AL,C,3,N,N,N,N,Cleveland Indians
2004,COL,68,94,65445167.0,65445167.0,2337327,575000,41.98,NL,W,4,N,N,N,N,Colorado Rockies
2004,DET,72,90,46832000.0,46832000.0,1672571,362500,44.44,AL,C,4,N,N,N,N,Detroit Tigers
2004,HOU,92,70,75397000.0,75397000.0,3015880,750000,56.79,NL,C,2,N,Y,N,N,Houston Astros
2004,KCR,58,104,47609000.0,47609000.0,1586967,436250,35.8,AL,C,5,N,N,N,N,Kansas City Royals
2004,LAA,92,70,100534667.0,100534667.0,3723506,2150000,56.79,AL,W,1,Y,N,N,N,Anaheim Angels
2004,LAD,93,69,92902001.0,92902001.0,3440815,1500000,57.41,NL,W,1,Y,N,N,N,Los Angeles Dodgers
2004,MIA,83,79,42143042.0,42143042.0,1560853,600000,51.23,NL,E,3,N,N,N,N,Florida Marlins
2004,MIL,67,94,27528500.0,27528500.0,1101140,400000,41.61,NL,C,6,N,N,N,N,Milwaukee Brewers
2004,MIN,92,70,53585000.0,53585000.0,2060962,525000,56.79,AL,C,1,Y,N,N,N,Minnesota Twins
2004,NYM,71,91,96660970.0,96660970.0,3452178,900000,43.83,NL,E,4,N,N,N,N,New York Mets
2004,NYY,101,61,184193950.0,184193950.0,6351516,3100000,62.35,AL,E,1,Y,N,N,N,New York Yankees
2004,OAK,91,71,59425667.0,59425667.0,2122345,1357500,56.17,AL,W,2,N,N,N,N,Oakland Athletics
2004,PHI,86,76,93219167.0,93219167.0,3452562,2425000,53.09,NL,E,2,N,N,N,N,Philadelphia Phillies
2004,PIT,72,89,32227929.0,32227929.0,1193627,350000,44.72,NL,C,5,N,N,N,N,Pittsburgh Pirates
2004,SDP,87,75,55384833.0,55384833.0,2130186,862500,53.7,NL,W,3,N,N,N,N,San Diego Padres
2004,SEA,63,99,81515834.0,81515834.0,2911280,2658333,38.89,AL,W,4,N,N,N,N,Seattle Mariners
2004,SFG,91,71,82019166.0,82019166.0,2645780,1000000,56.17,NL,W,2,N,N,N,N,San Francisco Giants
2004,STL,105,57,83228333.0,83228333.0,3201090,1100000,64.81,NL,C,1,Y,N,Y,N,St. Louis Cardinals
2004,TBR,70,91,29556667.0,29556667.0,1094691,650000,43.48,AL,E,4,N,N,N,N,Tampa Bay Devil Rays
2004,TEX,89,73,55050417.0,55050417.0,1898290,550000,54.94,AL,W,3,N,N,N,N,Texas Rangers
2004,TOR,67,94,50017000.0,50017000.0,1923731,825000,41.61,AL,E,5,N,N,N,N,Toronto Blue Jays
2004,WSN,67,95,41197500.0,41197500.0,1373250,350000,41.36,NL,E,5,N,N,N,N,Montreal Expos
2005,ARI,77,85,63329166.0,63329166.0,2345525,550000,47.53,NL,W,2,N,N,N,N,Arizona Diamondbacks
2005,ATL,90,72,86457302.0,86457302.0,3458292,1000000,55.56,NL,E,1,Y,N,N,N,Atlanta Braves
2005,BAL,74,88,73914333.0,73914333.0,2639798,962500,45.68,AL,E,4,N,N,N,N,Baltimore Orioles
2005,BOS,95,67,123505125.0,123505125.0,4410897,2875000,58.64,AL,E,2,N,Y,N,N,Boston Red Sox
2005,CHC,79,83,87032933.0,87032933.0,3108319,2150000,48.77,NL,C,4,N,N,N,N,Chicago Cubs
2005,CHW,99,63,75178000.0,75178000.0,2784370,2000000,61.11,AL,C,1,Y,N,Y,Y,Chicago White Sox
2005,CIN,73,89,61892583.0,61892583.0,2063086,550000,45.06,NL,C,5,N,N,N,N,Cincinnati Reds
2005,CLE,93,69,41502500.0,41502500.0,1431121,500000,57.41,AL,C,2,N,N,N,N,Cleveland Indians
2005,COL,67,95,48155000.0,48155000.0,1605167,322500,41.36,NL,W,5,N,N,N,N,Colorado Rockies
2005,DET,71,91,69092000.0,69092000.0,2467571,962500,43.83,AL,C,4,N,N,N,N,Detroit Tigers
2005,HOU,89,73,76779000.0,76779000.0,2953038,500000,54.94,NL,C,2,N,Y,Y,N,Houston Astros
2005,KCR,56,106,36881000.0,36881000.0,1365963,352000,34.57,AL,C,5,N,N,N,N,Kansas City Royals
2005,LAA,95,67,87575322.0,87575322.0,3127690,925000,58.64,AL,W,1,Y,N,N,N,Los Angeles Angels of Anaheim
2005,LAD,71,91,83039000.0,83039000.0,2767967,650000,43.83,NL,W,4,N,N,N,N,Los Angeles Dodgers
2005,MIA,83,79,60408834.0,60408834.0,2237364,1100000,51.23,NL,E,3,N,N,N,N,Florida Marlins
2005,MIL,81,81,39934833.0,39934833.0,1597393,420000,50.0,NL,C,3,N,N,N,N,Milwaukee Brewers
2005,MIN,83,79,56186000.0,56186000.0,2080963,750000,51.23,AL,C,3,N,N,N,N,Minnesota Twins
2005,NYM,83,79,101305821.0,101305821.0,3752067,1150000,51.23,NL,E,3,N,N,N,N,New York Mets
2005,NYY,95,67,208306817.0,208306817.0,8011801,5833333,58.64,AL,E,1,Y,N,N,N,New York Yankees
2005,OAK,88,74,55425762.0,55425762.0,2131760,591666,54.32,AL,W,2,N,N,N,N,Oakland Athletics
2005,PHI,88,74,95522000.0,95522000.0,3673923,3025000,54.32,NL,E,2,N,N,N,N,Philadelphia Phillies
2005,PIT,67,95,38133000.0,38133000.0,1361893,368000,41.36,NL,C,6,N,N,N,N,Pittsburgh Pirates
2005,SDP,82,80,63290833.0,63290833.0,2260387,825000,50.62,NL,W,1,Y,N,N,N,San Diego Padres
2005,SEA,69,93,87754334.0,87754334.0,2742323,800000,42.59,AL,W,4,N,N,N,N,Seattle Mariners
2005,SFG,75,87,90199500.0,90199500.0,3469212,2000000,46.3,NL,W,3,N,N,N,N,San Francisco Giants
2005,STL,100,62,92106833.0,92106833.0,3542571,2166666,61.73,NL,C,1,Y,N,N,N,St. Louis Cardinals
2005,TBR,67,95,29679067.0,29679067.0,1023416,600000,41.36,AL,E,5,N,N,N,N,Tampa Bay Devil Rays
2005,TEX,79,83,55849000.0,55849000.0,1801581,650000,48.77,AL,W,3,N,N,N,N,Texas Rangers
2005,TOR,80,82,45719500.0,45719500.0,1758442,525000,49.38,AL,E,3,N,N,N,N,Toronto Blue Jays
2005,WSN,81,81,48581500.0,48581500.0,1619383,628500,50.0,NL,E,5,N,N,N,N,Washington Nationals
2006,ARI,76,86,59684226.0,59684226.0,2295547,932000,46.91,NL,W,4,N,N,N,N,Arizona Diamondbacks
2006,ATL,79,83,90156876.0,90156876.0,3108858,462500,48.77,NL,E,3,N,N,N,N,Atlanta Braves
2006,BAL,70,92,72585582.0,72585582.0,2592342,1512500,43.21,AL,E,4,N,N,N,N,Baltimore Orioles
2006,BOS,86,76,120099824.0,120099824.0,4448142,3023894,53.09,AL,E,3,N,N,N,N,Boston Red Sox
2006,CHC,66,96,94424499.0,94424499.0,3372304,2500000,40.74,NL,C,6,N,N,N,N,Chicago Cubs
2006,CHW,90,72,102750667.0,102750667.0,3951949,2325000,55.56,AL,C,3,N,N,N,N,Chicago White Sox
2006,CIN,80,82,60909519.0,60909519.0,2175340,1300000,49.38,NL,C,3,N,N,N,N,Cincinnati Reds
2006,CLE,78,84,56031500.0,56031500.0,2241260,1500000,48.15,AL,C,4,N,N,N,N,Cleveland Indians
2006,COL,76,86,41233000.0,41233000.0,1288531,350000,46.91,NL,W,4,N,N,N,N,Colorado Rockies
2006,DET,95,67,82612866.0,82612866.0,2950460,865000,58.64,AL,C,2,N,Y,Y,N,Detroit Tigers
2006,HOU,82,80,92551503.0,92551503.0,3559673,940000,50.62,NL,C,2,N,N,N,N,Houston Astros
2006,KCR,62,100,47294000.0,47294000.0,1630828,500000,38.27,AL,C,5,N,N,N,N,Kansas City Royals
2006,LAA,89,73,103472000.0,103472000.0,4138880,2250000,54.94,AL,W,2,N,N,N,N,Los Angeles Angels of Anaheim
2006,LAD,88,74,98447187.0,98447187.0,3515971,2205000,54.32,NL,W,2,N,Y,N,N,Los Angeles Dodgers
2006,MIA,78,84,14998500.0,14998500.0,576865,327000,48.15,NL,E,4,N,N,N,N,Florida Marlins
2006,MIL,75,87,57568333.0,57568333.0,2214167,775000,46.3,NL,C,4,N,N,N,N,Milwaukee Brewers
2006,MIN,96,66,63396006.0,63396006.0,2438308,900000,59.26,AL,C,1,Y,N,N,N,Minnesota Twins
2006,NYM,97,65,101084963.0,101084963.0,3743888,912500,59.88,NL,E,1,Y,N,N,N,New York Mets
2006,NYY,97,65,194663079.0,194663079.0,6952253,2925000,59.88,AL,E,1,Y,N,N,N,New York Yankees
2006,OAK,93,69,62243079.0,62243079.0,2489723,800000,57.41,AL,W,1,Y,N,N,N,Oakland Athletics
2006,PHI,85,77,88273333.0,88273333.0,3269383,2500000,52.47,NL,E,2,N,N,N,N,Philadelphia Phillies
2006,PIT,67,95,46717750.0,46717750.0,1668491,424000,41.36,NL,C,5,N,N,N,N,Pittsburgh Pirates
2006,SDP,88,74,69896642.0,69896642.0,2496309,925000,54.32,NL,W,1,Y,N,N,N,San Diego Padres
2006,SEA,78,84,87959833.0,87959833.0,3257772,650000,48.15,AL,W,4,N,N,N,N,Seattle Mariners
2006,SFG,76,85,90056419.0,90056419.0,3463708,1488079,47.2,NL,W,3,N,N,N,N,San Francisco Giants
2006,STL,83,78,88891371.0,88891371.0,3292273,1000000,51.55,NL,C,1,Y,N,Y,Y,St. Louis Cardinals
2006,TBR,61,101,35417967.0,35417967.0,1264927,550000,37.65,AL,E,5,N,N,N,N,Tampa Bay Devil Rays
2006,TEX,80,82,68228662.0,68228662.0,2200925,750000,49.38,AL,W,3,N,N,N,N,Texas Rangers
2006,TOR,87,75,71915000.0,71915000.0,2663519,2200000,53.7,AL,E,2,N,N,N,N,Toronto Blue Jays
2006,WSN,71,91,63143000.0,63143000.0,2036871,900000,43.83,NL,E,5,N,N,N,N,Washington Nationals
2007,ARI,90,72,52067546.0,52067546.0,1859555,396000,55.56,NL,W,1,Y,N,N,N,Arizona Diamondbacks
2007,ATL,84,78,87290833.0,87290833.0,3117530,595000,51.85,NL,E,3,N,N,N,N,Atlanta Braves
2007,BAL,69,93,93554808.0,93554808.0,3341243,3000000,42.59,AL,E,4,N,N,N,N,Baltimore Orioles
2007,BOS,96,66,143026214.0,143026214.0,5108079,3591666,59.26,AL,E,1,Y,N,Y,Y,Boston Red Sox
2007,CHC,85,77,99670332.0,99670332.0,3691494,2750000,52.47,NL,C,1,Y,N,N,N,Chicago Cubs
2007,CHW,72,90,108671833.0,108671833.0,4179686,2325000,44.44,AL,C,4,N,N,N,N,Chicago White Sox
2007,CIN,72,90,68904980.0,68904980.0,2153281,1062500,44.44,NL,C,5,N,N,N,N,Cincinnati Reds
2007,CLE,96,66,61673267.0,61673267.0,2126664,916667,59.26,AL,C,1,Y,N,N,N,Cleveland Indians
2007,COL,90,73,54424000.0,54424000.0,2015704,750000,55.21,NL,W,2,N,Y,Y,N,Colorado Rockies
2007,DET,88,74,95180369.0,95180369.0,3172679,1900000,54.32,AL,C,2,N,N,N,N,Detroit Tigers
2007,HOU,73,89,87759000.0,87759000.0,3250333,1300000,45.06,NL,C,4,N,N,N,N,Houston Astros
2007,KCR,69,93,67116500.0,67116500.0,2165048,550000,42.59,AL,C,5,N,N,N,N,Kansas City Royals
2007,LAA,94,68,109251333.0,109251333.0,3641711,1425000,58.02,AL,W,1,Y,N,N,N,Los Angeles Angels of Anaheim
2007,LAD,82,80,108454524.0,108454524.0,3739811,1000000,50.62,NL,W,4,N,N,N,N,Los Angeles Dodgers
2007,MIA,71,91,30507000.0,30507000.0,984097,380000,43.83,NL,E,5,N,N,N,N,Florida Marlins
2007,MIL,83,79,70986500.0,70986500.0,2629130,2250000,51.23,NL,C,2,N,N,N,N,Milwaukee Brewers
2007,MIN,79,83,71439500.0,71439500.0,2551411,1000000,48.77,AL,C,3,N,N,N,N,Minnesota Twins
2007,NYM,88,74,115231663.0,115231663.0,3841055,1487500,54.32,NL,E,2,N,N,N,N,New York Mets
2007,NYY,94,68,189639045.0,189639045.0,6539277,1500000,58.02,AL,E,2,N,Y,N,N,New York Yankees
2007,OAK,76,86,79366940.0,79366940.0,2834534,1575000,46.91,AL,W,3,N,N,N,N,Oakland Athletics
2007,PHI,89,73,89428213.0,89428213.0,2980940,875000,54.94,NL,E,1,Y,N,N,N,Philadelphia Phillies
2007,PIT,68,94,38537833.0,38537833.0,1427327,410000,41.98,NL,C,6,N,N,N,N,Pittsburgh Pirates
2007,SDP,89,74,58110567.0,58110567.0,2235022,625000,54.6,NL,W,3,N,N,N,N,San Diego Padres
2007,SEA,88,74,106460833.0,106460833.0,3942994,1350000,54.32,AL,W,2,N,N,N,N,Seattle Mariners
2007,SFG,71,91,90219056.0,90219056.0,3469964,1557500,43.83,NL,W,5,N,N,N,N,San Francisco Giants
2007,STL,78,84,90286823.0,90286823.0,3224529,1000000,48.15,NL,C,3,N,N,N,N,St. Louis Cardinals
2007,TBR,66,96,24123500.0,24123500.0,893463,411000,40.74,AL,E,5,N,N,N,N,Tampa Bay Devil Rays
2007,TEX,75,87,68318675.0,68318675.0,2439953,550000,46.3,AL,W,4,N,N,N,N,Texas Rangers
2007,TOR,83,79,81942800.0,81942800.0,3034919,1025000,51.23,AL,E,3,N,N,N,N,Toronto Blue Jays
2007,WSN,73,89,37347500.0,37347500.0,1287845,500000,45.06,NL,E,4,N,N,N,N,Washington Nationals
2008,ARI,82,80,65386212.0,65386212.0,2514854,752500,50.62,NL,W,2,N,N,N,N,Arizona Diamondbacks
2008,ATL,72,90,102365683.0,102365683.0,3412189,428750,44.44,NL,E,4,N,N,N,N,Atlanta Braves
2008,BAL,68,93,67196246.0,67196246.0,2099883,477500,42.24,AL,E,5,N,N,N,N,Baltimore Orioles
2008,BOS,95,67,133390035.0,133390035.0,4763930,2500000,58.64,AL,E,2,N,Y,N,N,Boston Red Sox
2008,CHC,97,64,118345833.0,118345833.0,4383179,3175000,60.25,NL,C,1,Y,N,N,N,Chicago Cubs
2008,CHW,89,74,120794332.0,120794332.0,4645936,2775000,54.6,AL,C,1,Y,N,N,N,Chicago White Sox
2008,CIN,74,88,74117695.0,74117695.0,2647061,1112500,45.68,NL,C,5,N,N,N,N,Cincinnati Reds
2008,CLE,81,81,78970066.0,78970066.0,3037310,2175000,50.0,AL,C,3,N,N,N,N,Cleveland Indians
2008,COL,74,88,68655500.0,68655500.0,2640596,887500,45.68,NL,W,3,N,N,N,N,Colorado Rockies
2008,DET,74,88,137685196.0,137685196.0,4589507,1487500,45.68,AL,C,5,N,N,N,N,Detroit Tigers
2008,HOU,86,75,88930414.0,88930414.0,3293719,1100000,53.42,NL,C,3,N,N,N,N,Houston Astros
2008,KCR,75,87,58245500.0,58245500.0,2240212,1306250,46.3,AL,C,4,N,N,N,N,Kansas City Royals
2008,LAA,100,62,118825333.0,118825333.0,4243762,1325000,61.73,AL,W,1,Y,N,N,N,Los Angeles Angels of Anaheim
2008,LAD,84,78,118588536.0,118588536.0,4089260,600000,51.85,NL,W,1,Y,N,N,N,Los Angeles Dodgers
2008,MIA,84,77,19811500.0,19811500.0,619109,393750,52.17,NL,E,3,N,N,N,N,Florida Marlins
2008,MIL,90,72,80937499.0,80937499.0,2790948,2000000,55.56,NL,C,2,N,Y,N,N,Milwaukee Brewers
2008,MIN,88,75,56932766.0,56932766.0,2277311,1050000,53.99,AL,C,2,N,N,N,N,Minnesota Twins
2008,NYM,89,73,137793376.0,137793376.0,4593113,1993750,54.94,NL,E,2,N,N,N,N,New York Mets
2008,NYY,89,73,209081577.0,209081577.0,6744567,1875000,54.94,AL,E,3,N,N,N,N,New York Yankees
2008,OAK,75,86,47967126.0,47967126.0,1713112,455000,46.58,AL,W,3,N,N,N,N,Oakland Athletics
2008,PHI,92,70,98269880.0,98269880.0,3388617,1400000,56.79,NL,E,1,Y,N,Y,Y,Philadelphia Phillies
2008,PIT,67,95,48689783.0,48689783.0,1872684,480250,41.36,NL,C,6,N,N,N,N,Pittsburgh Pirates
2008,SDP,63,99,73677616.0,73677616.0,2376697,700000,38.89,NL,W,5,N,N,N,N,San Diego Padres
2008,SEA,61,101,117666482.0,117666482.0,4525634,1650000,37.65,AL,W,4,N,N,N,N,Seattle Mariners
2008,SFG,72,90,76594500.0,76594500.0,2641190,650000,44.44,NL,W,4,N,N,N,N,San Francisco Giants
2008,STL,86,76,99624449.0,99624449.0,3018923,1000000,53.09,NL,C,4,N,N,N,N,St. Louis Cardinals
2008,TBR,97,65,43820597.0,43820597.0,1460687,414650,59.88,AL,E,1,Y,N,Y,N,Tampa Bay Rays
2008,TEX,79,83,67712326.0,67712326.0,2334908,810000,48.77,AL,W,2,N,N,N,N,Texas Rangers
2008,TOR,86,76,97793900.0,97793900.0,3621996,1550000,53.09,AL,E,4,N,N,N,N,Toronto Blue Jays
2008,WSN,59,102,54961000.0,54961000.0,1895207,1000000,36.65,NL,E,5,N,N,N,N,Washington Nationals
2009,ARI,70,92,73086666.0,73086666.0,2811026,1725000,43.21,NL,W,5,N,N,N,N,Arizona Diamondbacks
2009,ATL,86,76,96726166.0,96726166.0,3335385,1237500,53.09,NL,E,3,N,N,N,N,Atlanta Braves
2009,BAL,64,98,67101666.0,67101666.0,2580833,1500000,39.51,AL,E,5,N,N,N,N,Baltimore Orioles
2009,BOS,95,67,121745999.0,121745999.0,4058200,1625000,58.64,AL,E,2,N,Y,N,N,Boston Red Sox
2009,CHC,83,78,134809000.0,134809000.0,5392360,2200000,51.55,NL,C,2,N,N,N,N,Chicago Cubs
2009,CHW,79,83,95628500.0,95628500.0,3825140,1225000,48.77,AL,C,3,N,N,N,N,Chicago White Sox
2009,CIN,78,84,73558500.0,73558500.0,3198196,1500000,48.15,NL,C,4,N,N,N,N,Cincinnati Reds
2009,CLE,65,97,81160566.0,81160566.0,3121560,2225000,40.12,AL,C,4,N,N,N,N,Cleveland Indians
2009,COL,92,70,75201000.0,75201000.0,2785222,800000,56.79,NL,W,2,N,Y,N,N,Colorado Rockies
2009,DET,86,77,115085145.0,115085145.0,4110184,2237500,52.76,AL,C,2,N,N,N,N,Detroit Tigers
2009,HOU,74,88,102996414.0,102996414.0,3814682,1550000,45.68,NL,C,5,N,N,N,N,Houston Astros
2009,KCR,65,97,70519333.0,70519333.0,2712282,1600000,40.12,AL,C,4,N,N,N,N,Kansas City Royals
2009,LAA,97,65,113709000.0,113709000.0,4061036,1800000,59.88,AL,W,1,Y,N,N,N,Los Angeles Angels of Anaheim
2009,LAD,95,67,100414592.0,100414592.0,4016584,1250000,58.64,NL,W,1,Y,N,N,N,Los Angeles Dodgers
2009,MIA,87,75,36834000.0,36834000.0,1315500,470000,53.7,NL,E,2,N,N,N,N,Florida Marlins
2009,MIL,80,82,80182502.0,80182502.0,3083942,1347500,49.38,NL,C,3,N,N,N,N,Milwaukee Brewers
2009,MIN,87,76,65299266.0,65299266.0,2251699,525000,53.37,AL,C,1,Y,N,N,N,Minnesota Twins
2009,NYM,70,92,149373987.0,149373987.0,5334785,2612500,43.21,NL,E,4,N,N,N,N,New York Mets
2009,NYY,103,59,201449189.0,201449189.0,7748046,5200000,63.58,AL,E,1,Y,N,Y,Y,New York Yankees
2009,OAK,75,87,62310000.0,62310000.0,2225357,410000,46.3,AL,W,4,N,N,N,N,Oakland Athletics
2009,PHI,93,69,113004046.0,113004046.0,4185335,2500000,57.41,NL,E,1,Y,N,Y,N,Philadelphia Phillies
2009,PIT,62,99,48693000.0,48693000.0,1872808,1062500,38.51,NL,C,6,N,N,N,N,Pittsburgh Pirates
2009,SDP,75,87,43734200.0,43734200.0,1561936,466200,46.3,NL,W,4,N,N,N,N,San Diego Padres
2009,SEA,85,77,98904166.0,98904166.0,3532292,661250,52.47,AL,W,3,N,N,N,N,Seattle Mariners
2009,SFG,88,74,83026450.0,83026450.0,2965230,477500,54.32,NL,W,3,N,N,N,N,San Francisco Giants
2009,STL,91,71,88528409.0,88528409.0,3278830,950000,56.17,NL,C,1,Y,N,N,N,St. Louis Cardinals
2009,TBR,84,78,63313034.0,63313034.0,2183208,1290000,51.85,AL,E,3,N,N,N,N,Tampa Bay Rays
2009,TEX,87,75,68178798.0,68178798.0,2350993,555000,53.7,AL,W,2,N,N,N,N,Texas Rangers
2009,TOR,75,87,80538300.0,80538300.0,2876368,932500,46.3,AL,E,4,N,N,N,N,Toronto Blue Jays
2009,WSN,59,103,60328000.0,60328000.0,2080276,500000,36.42,NL,E,5,N,N,N,N,Washington Nationals
2010,ARI,65,97,60718166.0,60718166.0,2335314,1416666,40.12,NL,W,5,N,N,N,N,Arizona Diamondbacks
2010,ATL,91,71,84423666.0,84423666.0,3126802,1150000,56.17,NL,E,2,N,Y,N,N,Atlanta Braves
2010,BAL,66,96,81612500.0,81612500.0,3138942,1325000,40.74,AL,E,5,N,N,N,N,Baltimore Orioles
2010,BOS,89,73,162447333.0,162447333.0,5601632,3750000,54.94,AL,E,3,N,N,N,N,Boston Red Sox
2010,CHC,75,87,146609000.0,146609000.0,5429963,2125000,46.3,NL,C,5,N,N,N,N,Chicago Cubs
2010,CHW,88,74,105530000.0,105530000.0,4058846,2500000,54.32,AL,C,2,N,N,N,N,Chicago White Sox
2010,CIN,91,71,71761542.0,71761542.0,2760059,485000,56.17,NL,C,1,Y,N,N,N,Cincinnati Reds
2010,CLE,69,93,61203966.0,61203966.0,2110482,427500,42.59,AL,C,4,N,N,N,N,Cleveland Indians
2010,COL,83,79,84227000.0,84227000.0,2904379,1300000,51.23,NL,W,3,N,N,N,N,Colorado Rockies
2010,DET,81,81,122864928.0,122864928.0,4550553,1500000,50.0,AL,C,3,N,N,N,N,Detroit Tigers
2010,HOU,76,86,92355500.0,92355500.0,3298411,1325000,46.91,NL,C,4,N,N,N,N,Houston Astros
2010,KCR,67,95,71405210.0,71405210.0,2644637,1700000,41.36,AL,C,5,N,N,N,N,Kansas City Royals
2010,LAA,80,82,104963866.0,104963866.0,3619444,2050000,49.38,AL,W,3,N,N,N,N,Los Angeles Angels of Anaheim
2010,LAD,80,82,95358016.0,95358016.0,3531778,1000000,49.38,NL,W,4,N,N,N,N,Los Angeles Dodgers
2010,MIA,80,82,57029719.0,57029719.0,2112212,550000,49.38,NL,E,3,N,N,N,N,Florida Marlins
2010,MIL,77,85,81108278.0,81108278.0,2796837,1287500,47.53,NL,C,3,N,N,N,N,Milwaukee Brewers
2010,MIN,94,68,97559166.0,97559166.0,3484256,1800000,58.02,AL,C,1,Y,N,N,N,Minnesota Twins
2010,NYM,79,83,134422942.0,134422942.0,4800819,1375000,48.77,NL,E,4,N,N,N,N,New York Mets
2010,NYY,95,67,206333389.0,206333389.0,8253336,5500000,58.64,AL,E,2,N,Y,N,N,New York Yankees
2010,OAK,81,81,51654900.0,51654900.0,1666287,420000,50.0,AL,W,2,N,N,N,N,Oakland Athletics
2010,PHI,97,65,141928379.0,141928379.0,5068871,2750000,59.88,NL,E,1,Y,N,N,N,Philadelphia Phillies
2010,PIT,57,105,34943000.0,34943000.0,1294185,452000,35.19,NL,C,6,N,N,N,N,Pittsburgh Pirates
2010,SDP,90,72,38507633.0,38507633.0,1426209,423700,55.56,NL,W,2,N,N,N,N,San Diego Padres
2010,SEA,61,101,86510000.0,86510000.0,3089643,1118750,37.65,AL,W,4,N,N,N,N,Seattle Mariners
2010,SFG,92,70,98641333.0,98641333.0,3522905,910000,56.79,NL,W,1,Y,N,Y,Y,San Francisco Giants
2010,STL,86,76,93540751.0,93540751.0,3741630,1000000,53.09,NL,C,2,N,N,N,N,St. Louis Cardinals
2010,TBR,96,66,71923471.0,71923471.0,2663832,1800000,59.26,AL,E,1,Y,N,N,N,Tampa Bay Rays
2010,TEX,90,72,55250544.0,55250544.0,1905191,510000,55.56,AL,W,1,Y,N,Y,N,Texas Rangers
2010,TOR,85,77,62234000.0,62234000.0,2074467,825000,52.47,AL,E,4,N,N,N,N,Toronto Blue Jays
2010,WSN,69,93,61400000.0,61400000.0,2046667,725000,42.59,NL,E,5,N,N,N,N,Washington Nationals
2011,ARI,94,68,54079833.0,54079833.0,1931423,1000000,58.02,NL,W,1,Y,N,N,N,Arizona Diamondbacks
2011,ATL,89,73,86583692.0,86583692.0,3463348,1350000,54.94,NL,E,2,N,N,N,N,Atlanta Braves
2011,BAL,69,93,85304038.0,85304038.0,3280925,1425000,42.59,AL,E,5,N,N,N,N,Baltimore Orioles
2011,BOS,90,72,161762475.0,161762475.0,5991203,5500000,55.56,AL,E,3,N,N,N,N,Boston Red Sox
2011,CHC,71,91,125047329.0,125047329.0,5001893,1600000,43.83,NL,C,5,N,N,N,N,Chicago Cubs
2011,CHW,79,83,127789000.0,127789000.0,4732926,2750000,48.77,AL,C,3,N,N,N,N,Chicago White Sox
2011,CIN,79,83,75947134.0,75947134.0,2531571,825000,48.77,NL,C,3,N,N,N,N,Cincinnati Reds
2011,CLE,80,82,49190566.0,49190566.0,1639686,484200,49.38,AL,C,2,N,N,N,N,Cleveland Indians
2011,COL,73,89,88148071.0,88148071.0,3390310,2318750,45.06,NL,W,4,N,N,N,N,Colorado Rockies
2011,DET,95,67,105700231.0,105700231.0,3914823,1300000,58.64,AL,C,1,Y,N,N,N,Detroit Tigers
2011,HOU,56,106,70694000.0,70694000.0,2437724,467000,34.57,NL,C,6,N,N,N,N,Houston Astros
2011,KCR,71,91,36126000.0,36126000.0,1338000,850000,43.83,AL,C,4,N,N,N,N,Kansas City Royals
2011,LAA,86,76,138543166.0,138543166.0,4469134,2000000,53.09,AL,W,2,N,N,N,N,Los Angeles Angels of Anaheim
2011,LAD,82,79,119046141.0,119046141.0,3840198,2285677,50.93,NL,W,3,N,N,N,N,Los Angeles Dodgers
2011,MIA,72,90,56944000.0,56944000.0,2190154,545000,44.44,NL,E,5,N,N,N,N,Florida Marlins
2011,MIL,96,66,85497333.0,85497333.0,2849911,1050000,59.26,NL,C,1,Y,N,N,N,Milwaukee Brewers
2011,MIN,63,99,112737000.0,112737000.0,4509480,3000000,38.89,AL,C,5,N,N,N,N,Minnesota Twins
2011,NYM,77,85,118847309.0,118847309.0,4401752,900000,47.53,NL,E,4,N,N,N,N,New York Mets
2011,NYY,97,65,202689028.0,202689028.0,6756301,2100000,59.88,AL,E,1,Y,N,N,N,New York Yankees
2011,OAK,74,88,66536500.0,66536500.0,2376304,1400000,45.68,AL,W,3,N,N,N,N,Oakland Athletics
2011,PHI,102,60,172976379.0,172976379.0,5765879,2625000,62.96,NL,E,1,Y,N,N,N,Philadelphia Phillies
2011,PIT,72,90,45047000.0,45047000.0,1553345,450000,44.44,NL,C,4,N,N,N,N,Pittsburgh Pirates
2011,SDP,71,91,49898373.0,49898373.0,1609625,600000,43.83,NL,W,5,N,N,N,N,San Diego Padres
2011,SEA,67,95,86524600.0,86524600.0,2884153,825000,41.36,AL,W,4,N,N,N,N,Seattle Mariners
2011,SFG,86,76,118198333.0,118198333.0,4377716,2200000,53.09,NL,W,2,N,N,N,N,San Francisco Giants
2011,STL,90,72,105433572.0,105433572.0,3904947,1000000,55.56,NL,C,2,N,Y,Y,Y,St. Louis Cardinals
2011,TBR,91,71,41053571.0,41053571.0,1578984,907750,56.17,AL,E,2,N,Y,N,N,Tampa Bay Rays
2011,TEX,96,66,92299264.0,92299264.0,3076642,1225500,59.26,AL,W,1,Y,N,Y,N,Texas Rangers
2011,TOR,81,81,62567800.0,62567800.0,2018316,1200000,50.0,AL,E,4,N,N,N,N,Toronto Blue Jays
2011,WSN,80,81,63856928.0,63856928.0,2201963,1050000,49.69,NL,E,3,N,N,N,N,Washington Nationals
2012,ARI,81,81,70098833.0,70098833.0,2696109,1625000,50.0,NL,W,3,N,N,N,N,Arizona Diamondbacks
2012,ATL,94,68,75874942.0,75874942.0,2709819,550000,58.02,NL,E,2,N,Y,N,N,Atlanta Braves
2012,BAL,93,69,81428999.0,81428999.0,2807897,1300000,57.41,AL,E,2,N,Y,N,N,Baltimore Orioles
2012,BOS,69,93,158129617.0,158129617.0,4941551,1556250,42.59,AL,E,5,N,N,N,N,Boston Red Sox
2012,CHC,61,101,88677033.0,88677033.0,3284335,1150000,37.65,NL,C,5,N,N,N,N,Chicago Cubs
2012,CHW,85,77,96919500.0,96919500.0,3876780,530000,52.47,AL,C,2,N,N,N,N,Chicago White Sox
2012,CIN,97,65,74036950.0,74036950.0,2742109,1000000,59.88,NL,C,1,Y,N,N,N,Cincinnati Reds
2012,CLE,68,94,78430300.0,78430300.0,2704493,800000,41.98,AL,C,4,N,N,N,N,Cleveland Indians
2012,COL,64,98,78069571.0,78069571.0,2692054,482000,39.51,NL,W,5,N,N,N,N,Colorado Rockies
2012,DET,88,74,138800000.0,138800000.0,4626667,1600000,54.32,AL,C,1,Y,N,Y,N,Detroit Tigers
2012,HOU,55,107,60651000.0,60651000.0,2332731,491250,33.95,NL,C,6,N,N,N,N,Houston Astros
2012,KCR,72,90,57406225.0,57406225.0,1979525,865000,44.44,AL,C,3,N,N,N,N,Kansas City Royals
2012,LAA,89,73,153990166.0,153990166.0,5499649,3350000,54.94,AL,W,3,N,N,N,N,Los Angeles Angels of Anaheim
2012,LAD,86,76,121250717.0,121250717.0,3789085,875000,53.09,NL,W,2,N,N,N,N,Los Angeles Dodgers
2012,MIA,69,93,118078000.0,118078000.0,4373259,1500000,42.59,NL,E,5,N,N,N,N,Miami Marlins
2012,MIL,83,79,97653944.0,97653944.0,3755921,1981250,51.23,NL,C,3,N,N,N,N,Milwaukee Brewers
2012,MIN,66,96,94085000.0,94085000.0,3484630,750000,40.74,AL,C,5,N,N,N,N,Minnesota Twins
2012,NYM,74,88,92834433.0,92834433.0,3570555,937500,45.68,NL,E,4,N,N,N,N,New York Mets
2012,NYY,95,67,167000289.0,167000289.0,5758631,2000000,58.64,AL,E,1,Y,N,N,N,New York Yankees
2012,OAK,94,68,49372500.0,49372500.0,1702500,485000,58.02,AL,W,1,Y,N,N,N,Oakland Athletics
2012,PHI,81,81,154538938.0,154538938.0,5328929,1250000,50.0,NL,E,3,N,N,N,N,Philadelphia Phillies
2012,PIT,79,83,62950999.0,62950999.0,2248250,1008333,48.77,NL,C,4,N,N,N,N,Pittsburgh Pirates
2012,SDP,76,86,54578033.0,54578033.0,2021409,1250000,46.91,NL,W,4,N,N,N,N,San Diego Padres
2012,SEA,75,87,81978100.0,81978100.0,2927789,495150,46.3,AL,W,4,N,N,N,N,Seattle Mariners
2012,SFG,94,68,117620683.0,117620683.0,3920689,1275000,58.02,NL,W,1,Y,N,Y,Y,San Francisco Giants
2012,STL,88,74,110300862.0,110300862.0,3939317,800000,54.32,NL,C,2,N,Y,N,N,St. Louis Cardinals
2012,TBR,90,72,64173500.0,64173500.0,2291911,1425000,55.56,AL,E,3,N,N,N,N,Tampa Bay Rays
2012,TEX,93,69,104260974.0,104260974.0,4170439,3250000,57.41,AL,W,2,N,Y,N,N,Texas Rangers
2012,TOR,73,89,92489200.0,92489200.0,3082973,2138750,45.06,AL,E,4,N,N,N,N,Toronto Blue Jays
2012,WSN,98,64,81336143.0,81336143.0,2623747,800000,60.49,NL,E,1,Y,N,N,N,Washington Nationals
2013,ARI,81,81,75105500.0,75105500.0,3265457,1900000,50.0,NL,W,2,N,N,N,N,Arizona Diamondbacks
2013,ATL,96,66,73600692.0,73600692.0,3345486,1550000,59.26,NL,E,1,Y,N,N,N,Atlanta Braves
2013,BAL,85,77,97800262.0,97800262.0,4075011,2000000,52.47,AL,E,3,N,N,N,N,Baltimore Orioles
2013,BOS,97,65,156522142.0,156522142.0,5797116,4250000,59.88,AL,E,1,Y,N,Y,Y,Boston Red Sox
2013,CHC,66,96,103313676.0,103313676.0,3826432,1750000,40.74,NL,C,5,N,N,N,N,Chicago Cubs
2013,CHW,63,99,117545777.0,117545777.0,4897741,2550000,38.89,AL,C,5,N,N,N,N,Chicago White Sox
2013,CIN,90,72,90025772.0,90025772.0,3914164,3060000,55.56,NL,C,3,N,Y,N,N,Cincinnati Reds
2013,CLE,92,70,76271300.0,76271300.0,2824863,1000000,56.79,AL,C,2,N,Y,N,N,Cleveland Indians
2013,COL,74,88,64278071.0,64278071.0,2921731,1250000,45.68,NL,W,5,N,N,N,N,Colorado Rockies
2013,DET,93,69,151420000.0,151420000.0,6583478,4000000,57.41,AL,C,1,Y,N,N,N,Detroit Tigers
2013,HOU,51,111,18825200.0,18825200.0,896438,496600,31.48,AL,W,5,N,N,N,N,Houston Astros
2013,KCR,86,76,74821300.0,74821300.0,3400968,1190000,53.09,AL,C,3,N,N,N,N,Kansas City Royals
2013,LAA,78,84,127896250.0,127896250.0,4736898,3500000,48.15,AL,W,3,N,N,N,N,Los Angeles Angels of Anaheim
2013,LAD,92,70,184550552.0,184550552.0,7382022,5250000,56.79,NL,W,1,Y,N,N,N,Los Angeles Dodgers
2013,MIA,62,100,35857000.0,35857000.0,1434280,625000,38.27,NL,E,5,N,N,N,N,Miami Marlins
2013,MIL,74,88,78893444.0,78893444.0,3155738,1450000,45.68,NL,C,4,N,N,N,N,Milwaukee Brewers
2013,MIN,66,96,72280000.0,72280000.0,3441905,675000,40.74,AL,C,4,N,N,N,N,Minnesota Twins
2013,NYM,74,88,68347948.0,68347948.0,2847831,625000,45.68,NL,E,4,N,N,N,N,New York Mets
2013,NYY,85,77,182832190.0,182832190.0,7032007,2975000,52.47,AL,E,4,N,N,N,N,New York Yankees
2013,OAK,96,66,40799500.0,40799500.0,1773891,700000,59.26,AL,W,1,Y,N,N,N,Oakland Athletics
2013,PHI,73,89,144895714.0,144895714.0,5795829,1350000,45.06,NL,E,4,N,N,N,N,Philadelphia Phillies
2013,PIT,94,68,77554000.0,77554000.0,2982846,1437500,58.02,NL,C,2,N,Y,N,N,Pittsburgh Pirates
2013,SDP,76,86,62805700.0,62805700.0,2243061,1122500,46.91,NL,W,3,N,N,N,N,San Diego Padres
2013,SEA,71,91,60296043.0,60296043.0,3173476,1500000,43.83,AL,W,4,N,N,N,N,Seattle Mariners
2013,SFG,76,86,134275834.0,134275834.0,5371033,1800000,46.91,NL,W,4,N,N,N,N,San Francisco Giants
2013,STL,97,65,112252086.0,112252086.0,4880525,2500000,59.88,NL,C,1,Y,N,Y,N,St. Louis Cardinals
2013,TBR,92,71,51903072.0,51903072.0,2162628,1750000,56.44,AL,E,2,N,Y,N,N,Tampa Bay Rays
2013,TEX,91,72,110917100.0,110917100.0,4621546,2825000,55.83,AL,W,2,N,N,N,N,Texas Rangers
2013,TOR,74,88,113044500.0,113044500.0,4186833,2750000,45.68,AL,E,5,N,N,N,N,Toronto Blue Jays
2013,WSN,86,76,111356769.0,111356769.0,4639865,3150000,53.09,NL,E,2,N,N,N,N,Washington Nationals
2014,ARI,64,98,102350333.0,102350333.0,3936551,2250000,39.51,NL,W,5,N,N,N,N,Arizona Diamondbacks
2014,ATL,79,83,83555673.0,83555673.0,2785189,1116428,48.77,NL,E,2,N,N,N,N,Atlanta Braves
2014,BAL,96,66,117878641.0,117878641.0,3802537,1025000,59.26,AL,E,1,Y,N,N,N,Baltimore Orioles
2014,BOS,71,91,143862395.0,143862395.0,5328237,2750000,43.83,AL,E,5,N,N,N,N,Boston Red Sox
2014,CHC,73,89,83046356.0,83046356.0,2965941,1742500,45.06,NL,C,5,N,N,N,N,Chicago Cubs
2014,CHW,73,89,88550982.0,88550982.0,3542039,2259815,45.06,AL,C,4,N,N,N,N,Chicago White Sox
2014,CIN,76,86,112878771.0,112878771.0,3319964,1150000,46.91,NL,C,4,N,N,N,N,Cincinnati Reds
2014,CLE,85,77,81700800.0,81700800.0,3142338,987500,52.47,AL,C,3,N,N,N,N,Cleveland Indians
2014,COL,66,96,95079071.0,95079071.0,3521447,1712500,40.74,NL,W,4,N,N,N,N,Colorado Rockies
2014,DET,90,72,172571526.0,172571526.0,6391538,2500000,55.56,AL,C,1,Y,N,N,N,Detroit Tigers
2014,HOU,70,92,44985800.0,44985800.0,1606636,507600,43.21,AL,W,4,N,N,N,N,Houston Astros
2014,KCR,89,73,84771000.0,84771000.0,3390840,1500000,54.94,AL,C,2,N,Y,Y,N,Kansas City Royals
2014,LAA,98,64,128046500.0,128046500.0,4415397,900000,60.49,AL,W,1,Y,N,N,N,Los Angeles Angels of Anaheim
2014,LAD,94,68,224021260.0,224021260.0,7467375,4007142,58.02,NL,W,1,Y,N,N,N,Los Angeles Dodgers
2014,MIA,77,85,52836900.0,52836900.0,1887032,1000000,47.53,NL,E,4,N,N,N,N,Miami Marlins
2014,MIL,82,80,102724338.0,102724338.0,3804605,850000,50.62,NL,C,3,N,N,N,N,Milwaukee Brewers
2014,MIN,70,92,84912500.0,84912500.0,3396500,1000000,43.21,AL,C,5,N,N,N,N,Minnesota Twins
2014,NYM,79,83,79231011.0,79231011.0,3047347,900000,48.77,NL,E,3,N,N,N,N,New York Mets
2014,NYY,84,78,204961807.0,204961807.0,8198472,3500000,51.85,AL,E,2,N,N,N,N,New York Yankees
2014,OAK,88,74,69720900.0,69720900.0,2324030,687500,54.32,AL,W,2,N,Y,N,N,Oakland Athletics
2014,PHI,73,89,152521056.0,152521056.0,5259347,1125000,45.06,NL,E,5,N,N,N,N,Philadelphia Phillies
2014,PIT,88,74,77340499.0,77340499.0,2974635,1600000,54.32,NL,C,2,N,Y,N,N,Pittsburgh Pirates
2014,SDP,77,85,81740028.0,81740028.0,2724668,1290000,47.53,NL,W,3,N,N,N,N,San Diego Padres
2014,SEA,87,75,89036142.0,89036142.0,3179862,800000,53.7,AL,W,3,N,N,N,N,Seattle Mariners
2014,SFG,88,74,141739108.0,141739108.0,5669564,4000000,54.32,NL,W,2,N,Y,Y,Y,San Francisco Giants
2014,STL,90,72,113020360.0,113020360.0,3897254,1000000,55.56,NL,C,1,Y,N,N,N,St. Louis Cardinals
2014,TBR,77,85,82035490.0,82035490.0,2828810,1475000,47.53,AL,E,4,N,N,N,N,Tampa Bay Rays
2014,TEX,67,95,102585846.0,102585846.0,3537443,1000000,41.36,AL,W,5,N,N,N,N,Texas Rangers
2014,TOR,83,79,125422600.0,125422600.0,5225942,3375000,51.23,AL,E,3,N,N,N,N,Toronto Blue Jays
2014,WSN,96,66,129366735.0,129366735.0,4791361,2700000,59.26,NL,E,1,Y,N,N,N,Washington Nationals
2015,ARI,79,83,69312833.0,69312833.0,2390098,526000,48.77,NL,W,3,N,N,N,N,Arizona Diamondbacks
2015,ATL,67,95,81247648.0,81247648.0,2901702,1083333,41.36,NL,E,4,N,N,N,N,Atlanta Braves
2015,BAL,81,81,119254299.0,119254299.0,3975143,2975000,50.0,AL,E,3,N,N,N,N,Baltimore Orioles
2015,BOS,78,84,146494748.0,146494748.0,5634413,2125000,48.15,AL,E,5,N,N,N,N,Boston Red Sox
2015,CHC,97,65,116654522.0,116654522.0,4166233,2515000,59.88,NL,C,3,N,Y,N,N,Chicago Cubs
2015,CHW,76,86,98712867.0,98712867.0,3525460,1250000,46.91,AL,C,4,N,N,N,N,Chicago White Sox
2015,CIN,64,98,116732284.0,116732284.0,4323418,2350000,39.51,NL,C,5,N,N,N,N,Cincinnati Reds
2015,CLE,81,80,86339067.0,86339067.0,3197743,1940000,50.31,AL,C,3,N,N,N,N,Cleveland Indians
2015,COL,68,94,98261171.0,98261171.0,3388316,1087600,41.98,NL,W,5,N,N,N,N,Colorado Rockies
2015,DET,74,87,172282250.0,172282250.0,6891290,3000000,45.96,AL,C,5,N,N,N,N,Detroit Tigers
2015,HOU,86,76,63564200.0,63564200.0,2354230,1000000,53.09,AL,W,2,N,Y,N,N,Houston Astros
2015,KCR,95,67,106164525.0,106164525.0,4246581,2640000,58.64,AL,C,1,Y,N,Y,Y,Kansas City Royals
2015,LAA,85,77,146449583.0,146449583.0,5049986,1312500,52.47,AL,W,3,N,N,N,N,Los Angeles Angels of Anaheim
2015,LAD,92,70,195495260.0,195495260.0,6981974,4541666,56.79,NL,W,1,Y,N,N,N,Los Angeles Dodgers
2015,MIA,71,91,84637500.0,84637500.0,3134722,1925000,43.83,NL,E,3,N,N,N,N,Miami Marlins
2015,MIL,68,94,98683035.0,98683035.0,3795501,529750,41.98,NL,C,4,N,N,N,N,Milwaukee Brewers
2015,MIN,83,79,107745000.0,107745000.0,4309800,2000000,51.23,AL,C,2,N,N,N,N,Minnesota Twins
2015,NYM,90,72,92576453.0,92576453.0,3428758,614125,55.56,NL,E,1,Y,N,Y,N,New York Mets
2015,NYY,87,75,191472857.0,191472857.0,6838316,2900000,53.7,AL,E,2,N,Y,N,N,New York Yankees
2015,OAK,68,94,69279166.0,69279166.0,2234812,517500,41.98,AL,W,5,N,N,N,N,Oakland Athletics
2015,PHI,63,99,108048000.0,108048000.0,3725793,600000,38.89,NL,E,5,N,N,N,N,Philadelphia Phillies
2015,PIT,98,64,83810832.0,83810832.0,2993244,1541666,60.49,NL,C,2,N,Y,N,N,Pittsburgh Pirates
2015,SDP,74,88,125861128.0,125861128.0,4495040,1825000,45.68,NL,W,4,N,N,N,N,San Diego Padres
2015,SEA,76,86,122706842.0,122706842.0,4719494,2252500,46.91,AL,W,4,N,N,N,N,Seattle Mariners
2015,SFG,84,78,166495942.0,166495942.0,5946284,4000000,51.85,NL,W,2,N,N,N,N,San Francisco Giants
2015,STL,100,62,117626957.0,117626957.0,4524114,1825000,61.73,NL,C,1,Y,N,N,N,St. Louis Cardinals
2015,TBR,80,82,73649584.0,73649584.0,2454986,750000,49.38,AL,E,4,N,N,N,N,Tampa Bay Rays
2015,TEX,88,74,112907373.0,112907373.0,3763579,812500,54.32,AL,W,1,Y,N,N,N,Texas Rangers
2015,TOR,93,69,112895700.0,112895700.0,4342142,763500,57.41,AL,E,1,Y,N,N,N,Toronto Blue Jays
2015,WSN,83,79,165485977.0,165485977.0,5910213,3000000,51.23,NL,E,2,N,N,N,N,Washington Nationals
2016,ARI,69,93,87439063.0,87439063.0,3363041,1387500,42.59,NL,W,4,N,N,N,N,Arizona Diamondbacks
2016,ATL,68,93,60860291.0,60860291.0,2254085,897500,42.24,NL,E,5,N,N,N,N,Atlanta Braves
2016,BAL,89,73,151700449.0,151700449.0,5231050,2800000,54.94,AL,E,2,N,Y,N,N,Baltimore Orioles
2016,BOS,93,69,160606261.0,160606261.0,6177164,950000,57.41,AL,E,1,Y,N,N,N,Boston Red Sox
2016,CHC,103,58,174130456.0,174130456.0,5617111,2500000,63.98,NL,C,1,Y,N,Y,Y,Chicago Cubs
2016,CHW,78,84,108873667.0,108873667.0,4536403,2625000,48.15,AL,C,4,N,N,N,N,Chicago White Sox
2016,CIN,68,94,89955059.0,89955059.0,2901776,525000,41.98,NL,C,5,N,N,N,N,Cincinnati Reds
2016,CLE,94,67,74311900.0,74311900.0,2752293,2000000,58.39,AL,C,1,Y,N,Y,N,Cleveland Indians
2016,COL,75,87,85645071.0,85645071.0,2762744,1000000,46.3,NL,W,3,N,N,N,N,Colorado Rockies
2016,DET,86,75,181376481.0,181376481.0,6254361,575000,53.42,AL,C,2,N,N,N,N,Detroit Tigers
2016,HOU,84,78,91893700.0,91893700.0,3281918,875000,51.85,AL,W,3,N,N,N,N,Houston Astros
2016,KCR,81,81,111287125.0,111287125.0,4451485,4225000,50.0,AL,C,3,N,N,N,N,Kansas City Royals
2016,LAA,74,88,137251333.0,137251333.0,5278897,1950000,45.68,AL,W,4,N,N,N,N,Los Angeles Angels of Anaheim
2016,LAD,91,71,192848022.0,191990880.0,6193254,3125000,56.17,NL,W,1,Y,N,N,N,Los Angeles Dodgers
2016,MIA,79,82,69306702.0,69306702.0,2566915,1350000,49.07,NL,E,3,N,N,N,N,Miami Marlins
2016,MIL,73,89,69282737.0,69282737.0,2234927,518100,45.06,NL,C,4,N,N,N,N,Milwaukee Brewers
2016,MIN,59,103,102583200.0,102583200.0,4274300,1812500,36.42,AL,C,5,N,N,N,N,Minnesota Twins
2016,NYM,87,75,133889129.0,133889129.0,4958857,2500000,53.7,NL,E,2,N,Y,N,N,New York Mets
2016,NYY,84,78,201997792.0,201997792.0,7214207,3650000,51.85,AL,E,4,N,N,N,N,New York Yankees
2016,OAK,69,93,75806234.0,75806234.0,2614008,1500000,42.59,AL,W,5,N,N,N,N,Oakland Athletics
2016,PHI,71,91,45980000.0,45980000.0,1642143,521500,43.83,NL,E,4,N,N,N,N,Philadelphia Phillies
2016,PIT,78,83,100603833.0,100603833.0,3869378,3000000,48.45,NL,C,3,N,N,N,N,Pittsburgh Pirates
2016,SDP,68,94,100399614.0,100399614.0,4015985,1000000,41.98,NL,W,5,N,N,N,N,San Diego Padres
2016,SEA,86,76,134457243.0,134457243.0,4979898,1500000,53.09,AL,W,2,N,N,N,N,Seattle Mariners
2016,SFG,87,75,171741278.0,171741278.0,7155887,5500000,53.7,NL,W,2,N,Y,N,N,San Francisco Giants
2016,STL,86,76,139378500.0,139378500.0,4645950,1575000,53.09,NL,C,2,N,N,N,N,St. Louis Cardinals
2016,TBR,68,94,57097310.0,57097310.0,2039190,711300,41.98,AL,E,5,N,N,N,N,Tampa Bay Rays
2016,TEX,95,67,128038723.0,128038723.0,4742175,1500000,58.64,AL,W,1,Y,N,N,N,Texas Rangers
2016,TOR,89,73,160701700.0,160701700.0,5356723,1525000,54.94,AL,E,2,N,Y,N,N,Toronto Blue Jays
2016,WSN,95,67,140603346.0,140603346.0,5858473,3000000,58.64,NL,E,1,Y,N,N,N,Washington Nationals
2017,ARI,93,69,90730499.0,90730499.0,3240375,1300000,57.41,NL,W,2,N,Y,N,N,Arizona Diamondbacks
2017,ATL,72,90,137339527.0,137339527.0,4577984,1250000,44.44,NL,E,3,N,N,N,N,Atlanta Braves
2017,BAL,75,87,161684185.0,161684185.0,5774435,3462500,46.3,AL,E,5,N,N,N,N,Baltimore Orioles
2017,BOS,93,69,174287098.0,174287098.0,5622164,1950000,57.41,AL,E,1,Y,N,N,N,Boston Red Sox
2017,CHC,92,70,170088502.0,170088502.0,6541865,2750000,56.79,NL,C,1,Y,N,N,N,Chicago Cubs
2017,CHW,67,95,109591167.0,109591167.0,3913970,875000,41.36,AL,C,4,N,N,N,N,Chicago White Sox
2017,CIN,68,94,82375785.0,82375785.0,2657283,567000,41.98,NL,C,5,N,N,N,N,Cincinnati Reds
2017,CLE,102,60,115991166.0,115991166.0,4142542,2950000,62.96,AL,C,1,Y,N,N,N,Cleveland Indians
2017,COL,87,75,101513571.0,101513571.0,3172299,545000,53.7,NL,W,3,N,Y,N,N,Colorado Rockies
2017,DET,64,98,180250600.0,180250600.0,6932715,1650000,39.51,AL,C,5,N,N,N,N,Detroit Tigers
2017,HOU,101,61,127443900.0,127443900.0,4720144,3725000,62.35,AL,W,1,Y,N,Y,Y,Houston Astros
2017,KCR,80,82,132091916.0,132091916.0,4717568,4000000,49.38,AL,C,3,N,N,N,N,Kansas City Royals
2017,LAA,80,82,143965833.0,143965833.0,4798861,2250000,49.38,AL,W,2,N,N,N,N,Los Angeles Angels of Anaheim
2017,LAD,104,58,187989811.0,187989811.0,6064187,2600000,64.2,NL,W,1,Y,N,Y,N,Los Angeles Dodgers
2017,MIA,77,85,115348302.0,115348302.0,4119582,2762500,47.53,NL,E,2,N,N,N,N,Miami Marlins
2017,MIL,86,76,61020089.0,61020089.0,2346927,545950,53.09,NL,C,2,N,N,N,N,Milwaukee Brewers
2017,MIN,85,77,100787500.0,100787500.0,3475431,600000,52.47,AL,C,2,N,Y,N,N,Minnesota Twins
2017,NYM,70,92,176284679.0,176284679.0,5686603,2200000,43.21,NL,E,4,N,N,N,N,New York Mets
2017,NYY,91,71,170389199.0,170389199.0,6310711,2290000,56.17,AL,E,2,N,Y,N,N,New York Yankees
2017,OAK,75,87,70601667.0,70601667.0,2353389,560000,46.3,AL,W,5,N,N,N,N,Oakland Athletics
2017,PHI,66,96,87418378.0,87418378.0,3362245,562500,40.74,NL,E,5,N,N,N,N,Philadelphia Phillies
2017,PIT,75,87,94637833.0,94637833.0,3639917,2962500,46.3,NL,C,4,N,N,N,N,Pittsburgh Pirates
2017,SDP,71,91,34574400.0,34574400.0,1115303,545800,43.83,NL,W,4,N,N,N,N,San Diego Padres
2017,SEA,78,84,155207720.0,155207720.0,5006701,1325000,48.15,AL,W,3,N,N,N,N,Seattle Mariners
2017,SFG,64,98,176531278.0,176531278.0,6304689,2000000,39.51,NL,W,5,N,N,N,N,San Francisco Giants
2017,STL,83,79,146630000.0,146630000.0,4887667,2762500,51.23,NL,C,3,N,N,N,N,St. Louis Cardinals
2017,TBR,80,82,69982520.0,69982520.0,2186954,1325000,49.38,AL,E,3,N,N,N,N,Tampa Bay Rays
2017,TEX,78,84,178431396.0,178431396.0,5247982,1850000,48.15,AL,W,4,N,N,N,N,Texas Rangers
2017,TOR,76,86,162353367.0,162353367.0,5598392,2887500,46.91,AL,E,4,N,N,N,N,Toronto Blue Jays
2017,WSN,97,65,162742157.0,162742157.0,6259314,4000000,59.88,NL,E,1,Y,N,N,N,Washington Nationals
2018,ARI,82,80,116038416.0,116038416.0,4144229,2500000,50.62,NL,W,3,N,N,N,N,Arizona Diamondbacks
2018,ATL,90,72,83306041.0,83306041.0,2872622,750000,55.56,NL,E,1,Y,N,N,N,Atlanta Braves
2018,BAL,47,115,141814118.0,157168830.0,5238961,2320000,29.01,AL,E,5,N,N,N,N,Baltimore Orioles
2018,BOS,108,54,206247686.0,206247686.0,6445240,2137500,66.67,AL,E,1,Y,N,Y,Y,Boston Red Sox
2018,CHC,95,68,175310002.0,181810002.0,6992692,3837500,58.28,NL,C,2,N,Y,N,N,Chicago Cubs
2018,CHW,62,100,73050333.0,86050333.0,3187049,1000000,38.27,AL,C,4,N,N,N,N,Chicago White Sox
2018,CIN,67,95,98801785.0,101718451.0,3178702,612500,41.36,NL,C,5,N,N,N,N,Cincinnati Reds
2018,CLE,91,71,111952167.0,138485500.0,4616183,2600000,56.17,AL,C,1,Y,N,N,N,Cleveland Indians
2018,COL,91,72,117328498.0,139728498.0,4818224,610000,55.83,NL,W,2,N,Y,N,N,Colorado Rockies
2018,DET,64,98,111286000.0,111286000.0,4121704,562000,39.51,AL,C,3,N,N,N,N,Detroit Tigers
2018,HOU,103,59,172038900.0,172038900.0,5734630,4300000,63.58,AL,W,1,Y,N,N,N,Houston Astros
2018,KCR,58,104,115483116.0,115483116.0,3725262,1000000,35.8,AL,C,5,N,N,N,N,Kansas City Royals
2018,LAA,80,82,171248332.0,171248332.0,6342531,2800000,49.38,AL,W,4,N,N,N,N,Los Angeles Angels of Anaheim
2018,LAD,92,71,157496785.0,177496785.0,5916560,2100000,56.44,NL,W,1,Y,N,Y,N,Los Angeles Dodgers
2018,MIA,63,98,85843000.0,85843000.0,2682594,1090000,39.13,NL,E,5,N,N,N,N,Miami Marlins
2018,MIL,96,67,83827856.0,91006427.0,3250230,1862500,58.9,NL,C,1,Y,N,N,N,Milwaukee Brewers
2018,MIN,78,84,129560000.0,129560000.0,4318667,1800000,48.15,AL,C,2,N,N,N,N,Minnesota Twins
2018,NYM,77,85,166261459.0,183861459.0,5931015,3475000,47.53,NL,E,4,N,N,N,N,New York Mets
2018,NYY,100,62,161305917.0,161305917.0,5760926,1206250,61.73,AL,E,2,N,Y,N,N,New York Yankees
2018,OAK,97,65,62652500.0,62652500.0,2088417,555000,59.88,AL,W,2,N,Y,N,N,Oakland Athletics
2018,PHI,80,82,74688166.0,94354832.0,3145161,564500,49.38,NL,E,3,N,N,N,N,Philadelphia Phillies
2018,PIT,82,79,81335833.0,84585833.0,2916753,571000,50.93,NL,C,4,N,N,N,N,Pittsburgh Pirates
2018,SDP,66,96,73716532.0,73716532.0,2377953,566800,40.74,NL,W,5,N,N,N,N,San Diego Padres
2018,SEA,89,73,141303943.0,165303943.0,5903712,1900000,54.94,AL,W,3,N,N,N,N,Seattle Mariners
2018,SFG,73,89,184499166.0,207010277.0,7138285,2500000,45.06,NL,W,4,N,N,N,N,San Francisco Giants
2018,STL,88,74,101583666.0,145166999.0,5184536,1835000,54.32,NL,C,3,N,N,N,N,St. Louis Cardinals
2018,TBR,90,72,63147666.0,69905999.0,2589111,720000,55.56,AL,E,3,N,N,N,N,Tampa Bay Rays
2018,TEX,67,95,110154583.0,129237916.0,4038685,1025000,41.36,AL,W,5,N,N,N,N,Texas Rangers
2018,TOR,73,89,144122200.0,145550771.0,5018992,2600000,45.06,AL,E,4,N,N,N,N,Toronto Blue Jays
2018,WSN,82,80,141622200.0,180193627.0,6006454,3500000,50.62,NL,E,2,N,N,N,N,Washington Nationals
